Shelf mark	Name	Related Shelfmarks	Depository	Object	Size	Dating	Leaves/Pages	Main text	Minor text	Gatherings	Full size	Leaf size	Catch Words and Gatherings	Production Unit	Pricking	Material	Ruling	Columns	Lines	Script	Rubric	Scribe	Production	Style	Colours	Form of Initials	Size of Initials	Iconography	Place	Literature	Links to Database
AM 315 f fol.			AMS	Fragment	Fol.	1175–1200 (Storm 1885: 491; Hægstad 1906: 9); 1200-1250 (Eithun et.al 1994:15; Rindal 1987: 134)	Ff. 1–5	GuL	ch. 9–12; 20–22; 152–53; 156; 224–28; 301–05	Unknown	Unknown	238x177		I	Yes	Parchment	Dry	1	26	Protogothic	No	Hand a	North-West Norway (Eithun et al. 1994: 15)	Unknown	None	None	Small	None	Throughout	Storm (1885:491); Hægstad (1906:9; 40-1); Seip (1954:6; 1955:88); Kålund (1889:263-4); Rindal (1987:134); Simensen (2021:12-13); Eithun et.al (1994:14-15)	NorS
																															HR
NRA 1 B			NRA	Fragment	Unknown	1180 (Taranger 1926: 187; Eken 1963: xvi); 1200-1250 (Simensen 2021:13; Eithun et.al. 1994:21)	Ff. 1–7	GuL	Krb ch. 28–32; Kvb ch. 53–55; Løb ch. 57; Llb ch. 82–86; Olb ch. 287–89	Unknown	Unknown	274x204		I	Yes	Parchment	Ink	1	27	Protogothic	No	Hand a (Seip 1954:6: a & b)	North-West Norway (Eithun et al. 1994: 21)	Romanesque	R; G	Lombard initials	Medium	None	Ff. 1; 7; 10; 12	Eken (1963:2-7); Simensen (2021:13); Eithun et.al. (1994:20-1); Hægstad (1907:9; 32-36); Rindal (1987:134); Seip (1954:6; 1955:88)	NRA
AM 315 k fol.		NRA 1 C IV	AMS	Fragment	Unknown	1225–30	F. 1	KrF (FrL)	Krb ch. 2–4	Unknown	Unknown	203x100		I	Unknown	Parchment	Ink	1	20	Protogothic	Yes; on f. 1v	Hand a		Romanesque	R; B	Lombard initials	Small	None	Throughout	Storm (1885:30-1)	HR
NRA 1 C IV		AM 315 k fol.	AMS	Fragment	Unknown	1225-30	F. 1	FrLE	ch. 6; ToC	Unknown	Unknown	240x180		I	Unknown	Parchment	Ink	1	24	Protogothic	None	Hand a		Romanesque	R; B	Lombard initials	Small	None	Throughout	Eken (1963:34-5)	NRA
NRA 1 A			NRA	Fragment	Unknown	1230	Ff. 1–2	BorgL (EiðsifaþL?)	Mhb	Unknown	Unknown	175x130		I	No	Parchment	Dry	1	19	Protogothic		Hand a		Romanesque	R; G	Lombard initials	Small	None	Throughout	Eken (1963:1)	NRA
AM 315 e fol.			AMS	Fragment	Unknown	1240–50	Ff. 1–2	GuL	ch. 71; 87–90	Unknown	Unknown	188x146		I	Yes	Parchment	Dry	1	25	Protogothic	Only on f. 5v	Hand a	Unknown	Romanesque	R; B	Lombard initials	Small	None	Throughout	Simensen (2021:12-13); Eithun et.al. (1994:13-14); Storm (1885:490); Flom (1928:37-41); Rindal (1987:134); Seip (1955:91); Kålund (1889:263); Hægstad (1907:76-80)	HR
																															
E DonVar 137 4to	Codex Ranzovianus		DKB	Codex	4to	1200-1225 (Seip 1966; 91); 1250 (Storm 1885: 44; Hægstad 1906: 8; Eithun et al. 1994: 20; Hødnebø & Rindal 1995: 29); 1250-1260 (Fylkesarkivet); 1250-1300 (Storm 1885: 644; Kålund 1905: xii; Hægstad 1915-1916: 337; Hreinn Benediktsson 1984: 23); 1300 (Kålund 1900: 422; Kålund 1905; nr. 41)	Ff. 1–146 (Storm 1885: 641); 144 (Eithun et al. 1994: 15); 147 (DS; DKB)	GuL		I: 8 (4 b; ff. 1-7); II: 8 (4 b; ff. 8-15); III: 8 (4 b; ff. 16-23); IV: 8 (4 b; ff. 24-31); V: 8 (4 b; ff. 32-39); VI: 8 (4 b; ff. 40-47); VII: 8 (4 b; ff. 48-55); VIII: 8 (4 b; ff. 56-63); VIII: 8 (4 b; ff. 56-63); X: 6 (2 b; 2 f; ff. 72-77); XI: 7 (3 b; 1 f; ff. 78-84); XII: 8 (4 b; ff. 85-92); XIII: 8 (4 b; ff. 93-100); XIV: 8 (4 b; ff. 101-108); XV: 8 (4 b; ff. 109-116); XVI: 8 (4 b; ff. 117-124); XVII: 8 (4 b; ff. 125-132); XVIII: 8 (4 b; ff. 133-140); XIX: 6 (2 b; 2 f; ff. 141-146)	Unknown	Unknown		I	No	Parchment	Ink	1	19-20	Protogothic	F. 1r1-2: Her heft upp Gula þings boc. hínn fyrsti bolkr bocar þessarrar er um kristíns doms halld várt.	Hand a	Hordaland (Bergen?)	Romanesque	R; G	Puzzle initials; Lombard initials	Main 3-4; middle 2	None	Throughout	Krarup; Alfr. (1935): Katalog over Universitetsbibliotekets Haandskrifter; del 2; side 66 ; Hødnebø og Rindal: Den eldre Gulatingsloven. Corpus codicum Norvegicorum medii aevi; Quarto series; vol. IX (1995) ; Eithun et.al. (1994:17-20); Gulatinget og Gulatingslova (2001:10-23); Simensen (2021:12); Sunde (2019); Storm (1885:641-44)	FyV
																															DKB
																															
																															
																															
																															
																															
																															
																															
																															
																															
																															
																															
																															
																															
																															
																															
																															
																															
AM 315 g fol.			AMS	Fragment	Fol.	1250	F. 1	K (FrL) (Bjarkeyjarréttr)	Krb ch. 23–24	Unknown	Unknown	267x200		I	267 x 200	Parchment	Dry	1	30	Protogothic	Yes; throughout	Hand a	Unknown	Romanesque	R; B	Lombard initials	Small	None	Throughout	Kålund (1886:263); Storm (1885:492)	HR
							F. 2	FmlE (Bjarkeyjarréttr)	ch. 1–9																						
NRA 1 C II			NRA	Fragment	Unknown	1250	Ff. 1–15	FrL	ch. 4; 5; 7; 8; 9; 10; 14	Unknown	Unknown	235x183		I	Yes	Parchment	Ink/Dry	1	Unknown	Protogothic	Yes; throughout	Hand a	Unknown	Romanesque	R; B	Pen-flourished initials	Medium	None	Throughout	Eken (1963:9-30)	NRA
NRA 1 C III			NRA	Fragment	Unknown	1250	Ff. 1–3	FrLE	ch. 4; 8	Unknown	Unknown	260x180		I	Yes	Parchment	Ink/Dry	1	Unknown	Protogothic	Yes; throughout	Hand a	Unknown	Romanesque	R; Y	Pen-flourished initials	Small	None	Throughout	Eken (1963:31-3)	NRA
NRA 1 C V			NRA	Fragment	Unknown	1250–1300	Ff. 1–4	FrL	ch. 4	Unknown	Unknown	215x250		I	Unknown	Parchment	Unknown	Unknown	Unknown	Protogothic	Yes; throughout	Hand a	Unknown	Romanesque	R	Lombard initial	Small	None	Throughout	Eken (1963:36-7)	NRA
NRA 1 C I			NRA	Fragment	Unknown	1250–1300	Ff. 1–2	K (FrL)	Krb ch. 5–13	Unknown	Unknown	200x250		I	No	Parchment	Dry	2	Unknown	Protogothic	Yes; throughout	Hand a	Unknown	Romanesque	R; B	Pen-flourished initials	Small	None	Throughout	Eken (1963:7-8)	NRA
NRA 3			NRA	Fragment	Unknown	1275–1300	Ff. 1–2	MLL (FrL)	Arb ch. 1; 4–8; 11–15; 17	1 bifolium	Unknown	260x200		I	Yes	Parchment	Ink	1	29	Protogothic	None	Hand a	Unknown		None			None	Throughout	Eken (1963:52-55)	NRA
KB frg 4 α 424–431			DKB	Fragment	Unknown	1275–1300	Ff. 1–7	MLL (GuL)	Mhb ch. 19–21	Unknown	Unknown	Unknown		I	Yes	Parchment	Dry	1	Various			Hand a	Unknown								
NRA 29 B			NRA	Fragment	Unknown	1300	Ff. 1–2	Hrðs	ch. 33–34	Unknown	Unknown	155x180		I	No	Parchment	Dry	1	Various	Protogothic	Yes	Hand a	Unknown	Romanesque	R, G	Pen-flourished initials	Small	None	Throughout		NRA
Isl. Perg. 4to 34		Holm Perg 34 4to; C 21 (Storm 1885: 667)	KB	Codex	4to	1575–1600	F. *3r		RBMK 16.3.1348	I: 11 (5 b; 1 f; ff. *1-*11)	Unknown	248x182		IV	No	Paper	None	1	Various	Cursive	None	Hand a (Pros Lauritsson)	Pros Lauritsson; Skien (d. 1596)		None			None	Throughout	Storm (1885: 667-672)	MS
							F. *4r-v		RBPH 29.6.1551													Hand b									
							Ff. *5r-*6v		RBAG 29.1.1591																						
							F. *8r		RBPH 24.8.1573													Hand a (Pros Lauritsson)									
							F. *8r-v		RBPH 24.6.1574																						
							Ff. 8v-9v*		Shortened sections from Rb (1407; 1357; 1396; 1401; 1209(?); 1330; 1371; 1273; 1214); short comments																						
							F. *9v		Short comment on the numbers of markets and the tithe																						
							F. *9v		Comment on ownership (1636)													Niels Muns									
							F. 8v*		RBFK 20.9.1569													Hand c									
						1350–1400	Ff. 1r–7r	K (GuL)		II: 7 (3 b; 1 f; ff. 1–7)				III	No	Parchment	Dry	1	29	Textualis	Yes; throughout	Hand d (+ heading f. 7)	Bergen?	Gothic/Romanesque	R; B	Pen-flourished initials; colour-stroke initials	Small	None	Thoughout		
						1400	F. 7r		Um eiða atkvæði										Various		None	Hand e		Romanesque	BL	Lombard initials	Small	None	Throughout		
							F. 7v		Legal formulas																						
						1275–1300	Ff. 8r–75r	MLL (FrL)		III: 8 (4 b; ff. 8-15); IV: 8 (4 b; ff. 16-23); V: 8 (4 b; ff. 24-31); VI: 8 (4 b; ff. 32-39); VII: 8 (4 b; ff. 40-47); VIII: 8 (4 b; ff. 48-55); IX: 8 (4 b; ff. 56-63); X: 8 (4 b; ff. 64-71); XI: 8 (4 b; ff. 72-79); XII: 8 (4 b; ff. 80-87); XIII: 3 (2 b; 1 f; ff. 88-90)				I	Yes		Dry		28	Textualis	Yes; throughout	Hand f (Eiríkr Þrondarson)	Bergen?	Romanesque	R; B; Y; G	Large; foliated initials (3-4 lines); Small pen-flourished and Lombard initials (2-3 lines)	Large	None. Large initials (3-4 lines) on f. 8r1-4; f. 9r8-12; f. 12v6-8; f. 16v11-14; f. 22v17-20; f. 32v6-8; f. 35r2-5; f. 37v9-11; f. 43r25-27; f. 46r17-20; f. 64r1-3; f. 65r9-12; f. 71v6-9; f. 75r15-18; f. 80v8-10	Throughout		
																															
																															
																															
																															
																															
																															
																															
							Ff. 75r–84v	ByL (BGO)																							
																															
							Ff. 84v–90r	Fml																							
						1370	F. 91ra		Samþykkt nefndarmanna (undated)	XIV: 8 (4 b; ff. 91-98); XV: 8 (4 b; ff. 99-106); XVI: 8 (4 b; ff. 107-114); XVII: 8 (4 b; ff. 115-122); XVIII: 6 (2 b; 2 f; ff. 123-128)				II	No		Dry	1	32	Textualis	Yes; throughout	Hand g	Norway (Bergen?)	Romanesque	R; G; B	Large initials (4-6 lines) and minor initials (2-3 lines)	Large	None. Large initials (4 lines) on f. 91ra12-15; f. 92va26-29; f. 11vb12-17; f. 122va13-16	Throughout		
							Ff. 91ra–92va		RBHM 14.6.1314																						
							Ff. 92va–93rb		RBHM 23.6.1305																						
							F. 93rb–va	MLL (unknown)	ch. 7																						
							Ff. 93va–94ra		RBHM 28.8.1315																						
							F. 94ra–rb		RBHM 1306																						
							F. 94rb–va		RBHM 26.12.1309																						
							F. 94va–vb		RBHM 25.11.1315																						
							Ff. 94vb–95ra		RbHM 2.5.1313																						
							F. 95ra	ByL (unknown)	ch. 8																						
							F. 95ra–va		RBHM 28.3.1318																						
							F. 95va–vb		RBHM 2.5.1313																						
							Ff. 95vb–96rb		RBHM 29.5.1303																						
							F. 96rb–vb		RBHM 11.10.1303																						
							Ff. 96vb–97rb		RBHM 23.6.1310																						
							F. 97rb–va		RBHM 29.5.1303c																						
							F. 97va–vb		RBHM 5.3.1304																						
							Ff. 97vb–98rb		RBHM 29.5.1303b																						
							F. 98rb		RBHM 8.12.1315																						
							Ff. 98rb–99ra		RBHM 30.7.1316						No		Dry	2													
							Ff. 99ra–100rb		RBHM 15.11.1316																						
							F. 100rb–vb		RBHM 3.11.1318																						
							F. 100vb		RBHM 24.8.1299																						
							Ff. 100vb–103vb		RBHM 9.9.1302																						
							Ff. 103vb–104va		RBHM 11.6.1302																						
									RBHM 9.2.1302																						
							Ff. 104va–105ra		RBEM (undated)																						
							Ff. 105ra–107ra		RBEK 1280																						
							F. 106va–vb		RBEM & HM (undated)																						
							Ff. 106vb–107ra		RBEK & HM 14.5.1290																						
							F. 107rb–vb		RBEK 9.3.1295																						
							F. 107vb–109va		RBEK 16.9.1282																						
							Ff. 109va–110rb		RBMK 19.7.1320																						
							Ff. 110rb–111ra		RBHM 1308/1309																						
							F. 111ra	MLL (FrL)	Concluding RBMK; sec. 11																						
							F. 111ra–vb		Concluding RBMK (to Frþ) and its Epi. on the est. of the law at Frþ																						
							Ff. 111vb–112ra		RBHK 1260																						
							F. 112ra–rb		SMB 1224																						
							F. 112rb–vb	KJE	ch. 57; 64; 36; 53; SEE 1320 [3]																						
							Ff. 112vb–128rb	Hrðs																							
																															
						1575-1600	F. 129r		Poetic verse by Pros Lauritsson	XIX: 11 (5 b; 1 f; ff. 129-146)				IV	No	Paper	Dry	1	Various	Cursive	None	Hand a (Pros Lauritsson)	Pros Lauritsson; Skien (d. 1596)		None						
							F. 130r-v		Ordinances; 29.6.1587																						
							Ff. 131r-139r		RBFK 19.6.1582													Hand b (with headings by Hand a)									
							F. 139r-v		Ordinances; 29.6.1591													Hand a (Pros Lauritsson)									
																															
NRA 50 D			NRA	Fragment	Unknown	1275–1325	F. 1	MLL (unknown)	Llb ch. 20–21	Unknown	Unknown	Unknown		I	Yes	Parchment	Dry	Unknown	Unknown	Textualis	None	Hand a			R	Colour-stroke initials		None	Throughout		NRA
NRA 4		NRA 10	NRA	Fragment	Unknown	1275–1325	Ff. 1–7	MLL (GuL)	Mhb ch. 3–4; Llb ch. 18–19; 20; 32–35; 58; 59; 61; Kab ch. 14–15; 16–18	Unknown	Unknown	270x180		I	No	Parchment	Dry	1	Unknown	Textualis	Yes; throughout	Hand a	Unknown	Romanesque	R	Colour-stroke initials	Small	None	Throughout	Eken (1963:56-66); Jóhanna Katrín et.al. (2023)	NRA ('Bestand 4-1 - 4-7')
							F. 1	ByL (BGO)	Bob ch. 6–7																						
NRA 50 A 4			NRA	Fragment	Unknown	1275–1350	F. 1	MLL (unknown)	Lvb ch. 1–2 w. ToC	Unknown	Unknown	Unknown		I	No	Parchment	Dry	2	Unknown	Textualis	Yes; on f. 1v	Hand a	Unknown	Romanesque	R; B; Y		Small	None	Throughout		NRA
NRA 50 B			NRA	Fragment	Unknown	1275–1350	F. 1	MLL (unknown)	Tfb ch. 2–3	Unknown	Unknown	Unknown		I	No	Parchment	Dry	1	Unknown	Textualis	Unknown	Hand a	Unknown	Romanesque	R	Colour-stroke initials	Small	None	Throughout		NRA
NKS 1640 4to			DKB	Codex	4to	1280–1300 (Hand a; Hand b); 1400-1500 (Hand c)	Ff. 1r-90v	MLL (EidsL)	Almost comp.; incl. RbHh&Mh addressed to Eidsþ; and the Epi. to GuLþ	I: 7 (3 b; 1f; ff. 1-7); II: 2 (1 b; ff. 8-9); III: 8 (4 b; ff. 10-17); IV: 5 (1 b; 3 f; ff. 18-22); V: 6 (2 b; 1 f; ff. 23-28); VI: 10 (5 b; ff. 29-38); VII: 8 (4 b; ff. 39-46); VIII: 4 (1 b; 2 f; ff. 47-50); IX: 8 (3 b; 2 f; ff. 51-58); X: 8 (4 b; ff. 59-66); XI: 8 (4 b; ff. 67-71); XII: 8 (4 b; ff. 75-82); XIII: 8 (4 b; ff. 83-90)	Unknown	238x170		I	No	Parchment	Ink	1	24	Textualis	None	Hand a (ff. 1r–29r; ff. 36v–90v); Hand b (ff. 30r-36v; here initials and headers by Hand a); Hand c (f. 54)	Unknown	Romanesque	Unknown	Pen-flourished initials; colour-stroke initials. Large initials (6-8 lines) and minor initials (3 lines)	Large	None. Large initials (6-8 lines) on f. 1r1-6; f. 2v3-9; f. 17r1-6; f. 30r2-9; f. 33r12-16 (?); f. 74r6-10; f. 84r9-14; f. 92r1-7	Throughout	Storm (1885: 423-424); Jóhanna Katrín et.al. (2023)	NorS
																															
																															
																															
																															
																															
																															
																															
																															
																															
																															
																															
																															
						1300	Ff. 90v–91r		RBEK & HM 14.5.1290	XIV: 9 (4 b; 1 f; ff. 91-99)				II	No				Various			Hand d									
						1300–1325	F. 91v		RbHM 9.2.1291					III	No							Hand e									
						1280–1300	Ff. 92r–99r	FmL											24		Yes; throughout	Hand a									
							Ff. 99r–113v	ByL (TBG)	Ch. Allar þær sektir; Bob ch. 1–16; Kab ch. 28; Bob ch. 17–18; Kab ch. 1–16; Kab (MLL) ch. 18; Kab ch. 18–25; Llb ch. 39; Kab 27; 26; Mhb ch. 21; Lvb ch. 7–8; Mhb ch. 12; 11; 10	XV: 8 (4 b; ff. 100-107); XVI: 6 (3 b; ff. 108-113)				I																	
																															
NRA 5			NRA	Fragment	Unknown	1300	Ff. 1–2	MLL (BorgL)	Lvb ch. 3–4; 11–13; Mhb ch. 3–5	Unknown	Unknown	280x200		I	Yes	Parchment	Dry	1	28	Textualis	None	Hand a	Unknown	Romanesque	R, G	Ornamented medium or small initials (3 lines)	Small	None	Throughout	Eken (1963:67-72)	AV
NRA 19 A			NRA	Fragment	Unknown	1300	Ff. 1–4	MLL (unknown)	Krb ch. 10–12	Unknown	Unknown	280x200		I	Unknown	Parchment	Dry	Unknown	Various	Protogothic	Unknown	Hand a	Unknown	Romanesque	R	Small lombard initials (2 lines)	Small	None	Throughout		AV
NRA 20, NRA 22, NRA 23			NRA	Fragment	Unknown	1300	Ff. 1–13	MLL (GuL [?])	Krb ch. 12; Lvb ch. 1–2; 16–17; Mhb; ch. 1–2; 5–8 14–17	Unknown	Unknown	190x250		I	Unknown	Parchment	Dry	2	Various	Protogothic	Yes	Hand a	Unknown	Romanesque	R	Large (4 [?] lines) and small lombard initials (2 lines)	Large	None	Throughout		NRA (20)
																															NRA (22)
																															NRA (23)
NRA 21			NRA	Fragment	Unknown	1300	Ff. 1–5	MLL (unknown)	Arb ch. 12–16; Llb ch. 3–6	Unknown	Unknown	200x280		I	Unknown	Parchment	Ink	Unknown	Various	Protogothic	Yes	Hand a	Unknown	Romanesque	R	Small lombard initials (2 lines)	Small	None	Throughout		AV
NRA 36			NRA	Fragment	Unknown	1300	Ff. 1–7	MLL (FrL & GuL)	Tfb ch. 6–12; Krb ch. 1; Llb ch. 26–28; 30–34. Both Frþ and GuLþ are addr.	Unknown	Unknown	220x170		I	Unknown	Parchment	Dry	Unknown	Various		Yes	Hand a	Unknown	Romanesque	R, G	Ornamented small initials (1-2 lines)	Small	None	Throughout		AV
NRA 38			NRA	Fragment	Unknown	1300	Ff. 1–2	MLL (unknown)	Mhb ch. 23–29	Unknown	Unknown	Unknown		I	Unknown	Parchment	Dry	Unknown	Various	Textualis	Yes	Hand a	Unknown	Romanesque	R, G	Ornamented medium (3 lines) initials	Medium	None	Throughout		AV
NRA 39			NRA	Fragment	Unknown	1300	Ff. 1–6	MLL (unknown)	Mhb ch. 20–21; 29; Arb ch. 1–2; 9–11; 14; Lvb ch. 10–12; 15–16	Unknown	Unknown	260x200		I	Unknown	Parchment	Ink	1	Various	Textualis	Yes	Hand a	Unknown	Romanesque	R	Small lombard initials (2 lines)	Small	None	Throughout		AV
AM 56 4to		AM 78 4to	AMS	Codex	4to	1300	Ff. 1ra–76vb	MLL (GuL)	Incl. RBMK and Epi; to Gulþ	I: 8 (4b, ff. 1-8); II: 8 (4b, ff. 9-16); III: 8 (4b, ff. 17-24); IV: 8 (3b, 1f, ff. 25-32); V: 8 (4b, ff. 33-40); VI: 8 (4b, ff. 41-48); VII: 8 (4b, ff. 49-56); VIII: 8 (4b, ff. 57-64); IX: 8 (4b, ff. 65-72); X: 4 (4f, ff. 73-76)	Unknown	275x207		I	No	Parchment	Ink	2	26	Textualis	Yes	Hand a (Þorgeirr Hákonarson)	Unknown	Romanesque	R, G, B, Y	Ornamented large (6-8 lines), medium (3 lines) and small initials (2 lines)	Large	None. Ten pen-flourished large initials and 1 medium initial with oeuf-de-grenouile on f. 1ra6-13, f. 2va1-7, f. 6va1-8, f. 11ra4-9, f. 17vb 2-8, f. 28vb1-6, f. 38va4-10, f. 43vb11-16, f. 65va1-7, f. 73ra11-16, f. 76ra1-3 (medium initial).	Throughout		HR
AM 302 fol.			AMS	Codex	Fol.	1300	Ff. 1r–85v	MLL (BorgL)	Incl. RBHK &MK not addressed to a particular law assembly (but in Krb in one case to Skien); and Epi to Gulaþ	6 (2b, 2f, ff. 1-6); II: 8 (4b, ff. 7-14); III: 8 (4b, ff. 15-22); IV: 8 (4b, ff. 23-30); V: 8 (4b, ff. 31-38); VI: 8 (4b, ff. 39-46); VII: 8 (4b, ff. 47-54); VIII: 8 (4b, ff. 55-62); IX: 8 (4b, ff. 63-70); X: 8 (4b, ff. 71-78); XI: 8 (4b, ff. 79-86); XII: 2 (2f, ff. 87-88)	Unknown	285x205		I	No	Parchment	Ink	1	26-27	Textualis	Yes	Hand a (Þorgeirr Hákonarson)	Unknown	Romanesque	R, G, B, Y	Ornamented large (6-8 lines) and small initials (2 lines)	Large	None. Ten pen-flourished large initials with oeuf-de-grenouile on f. 1r3-10, f. 2v2-7, f. 6v20-25, f. 12r1-6, f. 19v11-16, f. 32v2-7, f. 43r21-26, f. 49r16-21, f. 73r16-21, f. 80v5-10.	Throughout		HR
							Ff. 85v–87v		RBEK 1280																						
AM 78 4to		AM 56 4to	AMS	Codex	4to	1300	Ff. 1ra–8va	KF (BorgL)		I: 6 (2 b; 2 f; ff. 1–6); II: 8 (4 b; ff. 7–14); III: 8 (4 b; ff. 15–22); IV: 8 (4 b; ff. 23–30); V: 8 (4 b; ff. 31–38); VI: 8 (4 b; ff. 39–46)	Unknown	276x205		I	No	Parchment	Ink	2	26	Textualis	Yes	Hand a (Þorgeirr Hákonarson)	Unknown	Romanesque	R, G, B, Y	Ornamented large (6-8 lines) and small initials (2 lines)	Large	None. Four pen-flourished large initials with oeuf-de-grenouile on f. 1ra2-8, f. 9ra8-13, f. 29va3-8, f. 61ra22-26.	Throughout	Bøe (1964:301); Robberstad (1981:10); Simensen (2021:13); Storm (1885); Jóhanna Katrín et.al. (2023)	HR
						1550	F. 8vb		Legal formulas											Unknown		Hand b									
						1300	Ff. 9ra–29rb	KJE												Textualis		Hand a (Þorgeirr Hákonarson)									
							Ff. 29va–46rb	KSS																							
						1550	F. 46rb-v		Legal formulas											Unknown		Hand b									
						1300	Ff. 47ra–62ra	ByL (B)	Shortened. Complete are Tfb ch. 4; 6; 8; Mhb ch. 10; Bob 1–18; Kab ch. 1–2; 6–10; 12–13; 15–16; 22–26; Tjb ch. 2–4; 8; 16	VII: 3 (1 b; 1 f; ff. 47–49); VIII: 8 (3b; 2f; ff. 50–57); IX: 8 (4 b; ff. 58–65); X: 4 (4 f; ff. 66–69)										Textualis		Hand a (Þorgeirr Hákonarson)									
							Ff. 62ra–66rb	Fml	ch. 1–9; 12–23																						
							F. 67rb–vb	MLL (unknown)	RBHK																						
							Ff. 68ra–69vb		RBEK 1280																						
AM 305 fol.			AMS	Codex	Fol.	1300	Ff. 1ra-76	MLL (B)	Incl. RbHh&Mh. In Tfb ch. 5, and in the Epi, Gulaþ is addressed	I: 5 (2b, 1f, ff. 1-5); II: 8 (4b, ff. 6-13); III: 8 (4b, ff. 14-21); IV: 8 (4b, ff. 22-29); V: 8 (4b, ff. 30-37); VI: 6 (3b, ff. 38-43); VII: 8 (4b, ff. 44-51); VIII: 8 (4b, ff. 52-59); IX: 10 (5b, ff. 60-69); X: 9 (4b, 1f, ff. 70-78)	Unknown	307x214		I	No	Parchment	Dry	2	28	Textualis	Yes	Hand a (Þorgeirr Hákonarson)	Unknown	Romanesque	R, G, B, Y	Ornamented large (6-9 lines) and small initials (2 lines)	Large	None. Eight pen-flourished large initials with oeuf-de-grenouile on f. 1ra7-15, f. 2va1-6, f. 10va6-11, f. 17va19-24, f. 29ra12-17, f. 38va10-17, f. 63ra13-18, f. 71ra20-25.	Throughout	Storm (1885:477-82)	HR
																															
																															
																															
																															
																															
																															
																															
																															
						1450	f. 70r-v															Hand c									
						1300	71ra-76rb															Hand a (Þorgeirr Hákonarson)									
						1350	Ff. 76va–78rb		RBEK 1280													Hand b									
							F. 78rb–va		RBHM 1306																						
							F. 78vb		RBHM 30.3.1307																						
						1300–1400 (Jóhanna Katrín et. al. 2023:20; Rindal pers. 1988); 1450 (Storm 1885:477)	F. 79r		RBHM 2.5.1313	XI: 6 (6f, ff. 79-84); XII: 10 (5b, ff. 85-94); XIII: 6 (3b, ff. 95-100)				II			Dry	1	47		None			Unknown	None	None	None	None	Nowhere		
						1450	ff. 80ra-91va1	Fml										2	28			Hand e									
																															
							ff. 91va3-100vb	ByL (OSL)																							
																															
NRA 6			NRA	Fragment	Unknown	1300	Ff. 1–5	ByL (BorgL)	Mhb ch. 23–26; Bob ch. 12–13; Kab ch. 4–6; 13–15; 25; Tjb ch. 4–6	Unknown	Unknown	255x175		I	No	Parchment	Ink	1	Various	Textualis	Yes	Hand a	Helgeland 1632-1637	Romanesque	R, B	Ornamented middle (3 lines) and small initials (2 lines); Blue line fillers.	Medium	None	Throughout	Eken (1963:73-83); Jóhanna Katrín et.al. (2023)	NRA
NRA 50 C			NRA	Fragment	Unknown	1300	F. 1	Gildiskrá	Fragment of a register of either the Great guild or the Cross guild of Niðaróss	None	Unknown	Unknown		I	No	Parchment	Dry	1	Unknown	Unknown	None	Hand a	Unknown	Unknown	None	None		None	Nowhere		NRA
EdinbUL 211			EUL	Fragment	Unknown	1300–20	F. 1	MLL (unknown)	Llb ch. 25–29	Unknown	Unknown	Unknown		I		Parchment		Unknown	Unknown	Unknown	Unknown	Hand a	Unknown	Unknown	Unknown	Unknown		Unknown	Unknown		Missing
NRA 41			NRA	Fragment	Unknown	1300–1325	Ff. 1–2	MLL (unknown)	Arb ch. 16–17 w ToC to Llb	Unknown	Unknown	Unknown		I	Unknown	Parchment	Dry	Unknown	Various	Protogothic	Yes	Hand a	Trondheim 1619	Other	None	None		None	Nowhere		NRA
Isl. Perg. 4to 30		Holm Perg. 30 4to; C 17 (Storm 1885: 661)	KB	Codex	4to	1350	F. 1r–v	MLL (GuL)	Pro	1–2 (ff. 1–17)	Unknown	235x150		I	No	Parchment	Dry	1	27	Textualis	Yes	Hand a	Unknown	Unknown	None	None		None	Nowhere		MS
							Ff. 1v–17v	ByL (BorgL)	Partly chapters are shortened; and beginnings written as headings.																						
							F. 18r–v	KN (GuL)	ch. 10–13	Added leaf (f. 18)																					
						1300-1325	Ff. 19v–85v	MLL (EidsL)	w ToC; incl. RBHK & RBMK; and Epi to Eidsþ	3–11 (ff. 19–90)				II			Ink		31			Hand b		Romanesque	R	Large (5-6 lines), medium (4 lines) and small initials (2-3 lines), all painted with Lombard letters.	Large	None. Ten large and one medium Lombard letters on f. 20r1-6, f. 21r16-20, f. 27r21-25, f. 32v25-29, f. 42r1-5, f. 44v18-21 (medium), f. 47r3-7, f. 50v5-9, f. 55v8-12, f. 74v1-6, f. 81v9-13.	Throughout		
							Ff. 86r–90v	Calendarium	Jan–Dec																						
AM 309 fol.			AMS	Codex	Fol.	1300–25	Ff. 3r–57r	MLL (EidsL)	Incl. RBHK & RBMK to Gulaþ; and Epi to Borgþ	I: 2 (1b, ff. 1-2); II: 8 (4b, ff. 3-10); III: 8 (4b, ff. 11-18); IV: 8 (4b, ff. 19-26); V: 8 (4b, ff. 27-34); VI: 8 (4b, ff. 35-42); VII: 8 (4b, ff. 43-50); VIII: 7 (3b, 1f, ff. 51-57)	Unknown	283x203		I	Yes	Parchment	Ink	1	30	Textualis	Yes	Hand a (ff. 3r–53v)	Oslo (?)	Romanesque	R, B	At times ornamented, two-coloured and gabled medium 3 (3 lines) and small initials (2 lines), but often Lombard-styled initials. In some cases, the margin is embellished with Romanesque-styled ranked ornaments.	Medium	None	Throughout	Eithun et.al. (1994:12); Simensen (2021:13); Storm (1885); Jóhanna Katrín et.al. (2023:20)	HR
						4.9.1325														Textualis/Semitextualis		Hand b (ff. 53v–57r)									NorS
						1400	F. 57v	Endamerki 1400	Borders between Fron and Bjærke; Ringebu											Textualis		Hand c									
						1325	F. 58r–v		SIP 7.9.1248	IX: 8 (4b, ff. 58-65); X: 2(1b, ff. 66-67); XI: 4 (2b, ff. 68-71)					No		Dry			Textualis		Hand d									
							Ff. 58v–59v		RBHK (undated): On the tithe and Óláfr-taxes (for Viken)																						
							F. 59v		RBHK (undated): On usury and building on wasteland (for Viken)								Ink														
							Ff. 59v–60r		RBHM 29.5.1303								Dry														
							Ff. 60r–61v		RBHM 2.5.1313																						
							Ff. 61v–62r		RBHM 1306																						
							F. 62r–v		SVK 17.8.1247																						
							Ff. 62v–64v		RbHm 23.4.1293																						
							F. 64v		RbHm 26.12.1309											Textualis		Hand b									
							Ff. 64v–65r		RBHM 30.3.1307																						
							F. 65r–v		RBMK 22.9.1277								Ink/Dry			Textualis/Semitextualis											
							Ff. 65v–67r		RBEK 1280																						
							F. 67r–v		RBEK & HM 14.5.1290																						
							Ff. 67v–68r		RBEK & HM 14.5.1290																						
							F. 68r–v		RBHK 1220																						
							Ff. 68v–70r		RBMK 13.9.1277																						
						1330–1350	F. 70r–v		RBHM 9.2.1291										Various	Cursiva R		Hand e									
						1350	F. 70v		RBHM 19.7.1312											Cursiva R		Hand f									
									RBHM 29.6.1312																						
						1350–1400	Ff. 70v–71r		RBHM 28.3.1318								Unknown			Cursiva A.		Hand g									
						1400	F. 71r	Endamerki 1400	(following the text on f. 57v) Borders between Fron and Bjærke; Ringebu								Unknown			Textualis		Hand c									
						1325	Ff. 72r–77v	Fml		XII: 8 (4b, ff. 72-79); XIII: 10 (5b, ff. 80-89); XIV: 3 (1b, 1f, ff. 90-92)							Ink		30	Textualis		Hand h									
							Ff. 77v–88v	ByL (O); with references to ByL (BGO)																							
							F. 89r	Sættargerð í Túnsberg 1.8.1273 (short)									Dry		Various	Semitextualis		Hand d									
							Ff. 90r–91r		Um eiða atkvæði										33	Textualis/Semitextualis		Hand b									
						1340–1360	F. 91r (marg.)		Salernitan Latin health verse: ‘Francorum regi scripsit scola tola Salerni – Hec bene si serves ibis sanus Madiolanum’											Cursiva R		Hand l									
						1343–1350	Ff. 91v–93r		Biskupatal Niðarósi											Cursiva R	No	Hand i (+ marg.); with ten further hands									
						1320–1350	Ff. 93v–100v	KF (GuL)	Defective redaction; w ToC	XV: 8 (4b, ff. 93-100)				II					30	Cursiva A.	Yes	Hand k	Oslo (Vevle 1975)								
AM 68 4to			AMS	Codex	4to	1300–1325	Ff. 1r–8v	MLL (EidsL)	Comp. until the end of Krb	I: 7 (3b, 1f, ff. 1-7); II: 9 (4b, 1f, ff. 8-16); III: 8 (4b, ff. 17-24); IV: 10 (5b, ff. 25-34); V: 8 (4b, ff. 35-42); VI: 8 (4b, ff. 43-50); VII: 8 (4b, ff. 51-58); VIII: 8 (4b, ff. 59-66)	Unknown	195x145		I	No	Parchment	Dry	1	34		Yes	Hand a	Oslo ?	Romanesque	R	Lombard-styled medium (3 lines) and small (2 lines) initials.	Medium	None	Throughout	Halvorsen and Rindal (2008:1-61)	HR
							Ff. 8v–11v	KF (EidsL)																							NorS
						1375–1400	F. 12r–v	KF (BorgL)	ch. 5										31			Hand e									
						1300–1325	Ff. 13r–17r	KF (EidsL	(following from f. 11v:) Comp.										34	Textualis		Hand a									
							Ff. 17r–63v	MLL(EidsL)	Remaining chapters of Landslǫg (E); incl. Réttarbætr of Hákon Hákonarson and Magnús Hákonarson addressed to Frostuþing; and Epilogue addressed to Gulaþing.																						
							Ff. 63v–64v		RBEK 1280																						
						1350	F. 65v		RBHM 1306										24		None	Hand d		Other	None	None	None	None	Nowhere		
							F. 66r–v		RBHM 2.5.1313										Various			Hand c									
Isl. Perg. 4to 33	Kongsbókin	Holm Perg. 33 4to; C 20 (Storm 1885: 665)	Kungliga Biblioteket; Stockholm (currently at Tjóðskjalasafnið; Tórshavn)	Codex	4to	1300–1325	Ff. 2ra–11rb	MLL (GuL)	Complete Landslǫg (G)	1–10 (ff. 1–71)	Unknown	265x190		II (kustodes on most seventh and eigth leaves)	No	Parchment	Dry	2	26	Protogothic	Yes	Hand b	Bergen?	Romanesque	R, B	Ornamented large (5-7 lines), medium (3 lines) and small (2 lines) initials.	Large	None. Two ornamented medium and seven large initials on f. 1va1-4 (Medium), f. 2vb6-11, f. 7ra3-7, f. 18va1-5, f. 28va15-21, f. 37rb18-22, f. 42va1-6, 61vb12-17, f. 68va2-5 (Medium). On f. 76v, a full-leave coat of arms i painted in black.	Throughout		NorS
						1400	F. 11va		Regulations for elected lawmen in the Faroe Islands													Hand d	Faroe Islands								
						1300–1325	Ff. 12ra–18vb	MLL (GuL)	(continuing from f. 11rb) Complete Landslǫg (G)											Protogothic		Hand b	Bergen?								
						1400	F. 19r–v		(continuing from f. 11va) Regulations for elected lawmen in the Faroe Islands													Hand d	Faroe Islands								
						1300–25	Ff. 20ra–71vb	MLL (GuL)	(continuing from f. 18vb) Compl MLL (GuL); incl. RbHh&Mh; Epi; all to Gulaþ											Protogothic		Hand b	Bergen?								
						1350–1400	Ff. 67v–68v (marg.)		Letter by the lawman Simon on the eradication of small dogs										Various		None	Hand e	Faroe Islands								
						1298	Ff. 72va–75rb		RBHM 28.6.1298	11 (ff. 72–75)		255x180		I					24			Sira Teitr (Hand c)	Bergen?		Black	None	Small				
						1500	f.76r		Legal formulas	12 (ff. 76–78)				III				1	Various			Unknown	Faroe Islands								
							ff. 77r-78r		RBKK 1491																	Small, two-lined ornamented initials.					
AM 72 4to			AMS	Codex	4to	1300–1325	Ff. 1r–2r		RBEK 1280	I: 2 (1b, ff. 1-2); II: 6 (3b, ff. 3-8); III: 8 (4b, ff. 9-16); IV: 6 (3b, ff. 17-22); V: 8 (4b, ff. 23-30); VI: 8 (4b, ff. 31-38); VII: 8 (4b, ff. 39-46); VIII: 6 (3b, ff. 47-52); IX: 1 (1f, f. 53); X: 5 (2b, 1f, ff. 54-58)	Unknown	250x182		I (kustodes on each eigth leaf)	No	Parchment	Ink	1	24–29		Yes	Hand a	Unknown	Romanesque	R, G	Ornamented large (4 lines) initials and often Lombard-styled medium (3 lines) and small (2 lines) initials.	Large	None.Seven ornamented large initials on f. 2v1-4, f. 3r1-4, f. 9v1-5, f. 16r6-9, f. 29r21-24, f. 47r25-27, f. 54v1-4. In the lower margin on f. 10r, a devilish creature is painted on a boat.	Throughout		HR
							Ff. 2v–58v	MLL (FrL)	Several lacunae; but incl. Réttarbætr of Magnús Hákonarson and Epilogue; addressed to Frostuþing																						
AM 62 4to			AMS	Codex	4to	1340	F. 1r–2v		Biskupatal Niðarósi	I: 8 (4b, ff. 1-8); II: 8 (4b, ff. 9-16); III: 8 (4b, ff. 17-24); IV: 8 (4b, ff. 25-32); V: 8 (4b, ff. 33-40); VI: 8 (4b, ff. 41-48); VII: 8 (4b, ff. 49-56); VIII: 8 (4b, ff. 57-64); IX: 8 (4b, ff. 56-72); X: 8 (4b, ff. 73-80); XI: 8 (4b, ff. 81-88); XII: 2 (1b, ff. 89-90)	Unknown	243x170		I (Kustodes on each eigth leaf)	No	Parchment	Ink	1	26	Textualis	None	Hand b	Unknown	Other	None	None	Large	None	Nowhere		NorS
						1300–1325	Ff. 2v–82r	MLL (GuL)	W ToC; incl. RBHK & MK; Epi; all to Gulaþ									1	27	Textualis	Yes	Hand a		Romanesque	R, B	Ornamented large (4 lines) and medium (3 lines) initials, as well as Lombard-styled small initials (2 lines).		None. One large ornamented initial on f. 8r1-4.	Throughout		Handrit
							Ff. 82r–90v	KN(GuL)	Comp.																						
AM 114 a 4to			AMS	Fragment	4to	1300–1325	Ff. 1va–3rb	Endamerki 1268/1273	Border between Norway and Sweden	I: 4 (4f, ff. 1-4); II: 6 (3b, ff. 5-10)	Unknown	260x175		I	No	Parchment	Ink	2	45	Cursiva A.	No	Hand a	Unknown	Other	None	None		None	Nowhere		HR
						1315–1340	Ff. 3va–9rb	Rǿða Sverris Sigurðarsonar	Also known as Oratio contra clerum Norvegiæ					II					48	Cursiva A.		Hand b (Páll Styrkársson)									
						1330–1340	F. 9va		Arithmetic feat, written in Latin					III					Various	Textualis		Hand c									
						1330–1340		Endamerki 3.6.1326	Border between Norway and Russia											Cursiva A.		Hand d									
						1330–1350	Ff. 9va–10vb	Homilies	ch. 14										33	Textualis/Cursiva A		Hand e									
AM 315 h fol.			AMS	Fragment	Fol.	1300–50	F. 1	Fml	ch. 17–21	Unknown	Unknown	253x198		I	No	Parchment	Ink	2	26–28	Textualis	Yes	Hand a	Unknown	Romanesque	G, R	Onrmaneted middl (3 lines) and small (1-2 lines) initials.	Medium	None	Throughout	Kålund (1886:264); Jóhanna Katrín et.al. (2023)	HR
							Ff. 2ra–3vb	MLL (GuL)	Llb ch. 7–10; 18–22																						
							F. 4ra–vb	ByL (B)	Kab ch. 15; 16; 23; 24; 25																						
AM 71 4to			AMS	Codex	4to	1300–!50	Ff. 1va–8ra	MLL (FrL)	Comp	I: 8 (4b, ff. 1-8)	Unknown	238x180		I	No	Parchment	Ink	2	30	Textualis		Hand a (ff. 1ra–4rb)	Unknown	Romanesque	B, Y, R, Brown,	Ornamented large initials (4-6 lines), as well as small initials (2 lines). Both types are usually extended into the margins.	Large	None. Three ornamented large initials on f. 3rb1-6, f. 9ra2-6, f. 30vb10-13.	Throughout		HR
																						Hand b (ff. 4va–60vb									NorS
							F. 8ra–8va		RBHM 1306																						
							Ff. 9ra–60vb	MLL (FrL)	(fr. f. 4rb) Comp MLL; incl. RBHK & MK; Epi to Frþ	II: 7 (3b, 1f, ff. 9-15); III: 8 (4b, ff. 16-23); IV: 8 (4b, ff. 24-31); V: 8 (4b, ff. 32-39); VI: 8 (4b, ff. 40-47); VII: 8 (4b, ff. 48-55); VIII: 6 (2b, 2f, ff. 56-61)																					
						1350–1400	Ff. 60vb–61vb		RBEK 9.3.1295											Cursiva R		Hand c (ff. 60vb–61rb)		Other	None	None	None	None	Nowhere		
																						Hand d (f. 61va–b)									
Isl. Perg. 4to 32		Holm Perg. 32 4to; C 19 (Storm 1885: 664)	KB	Codex	4to	1300–1350	Ff. 1r–50r	MLL (GuL)	Incl. RbHh&Mh; Epi; all to Gulaþ	1–9 (ff. 1–69)	Unknown	203 x 157		I	No	Parchment	Dry	1	28		Yes	Hand a	Unknown	Romanesque	Unknown	Ornamented large (4 lines) and medium (3 lines) initials and small Lombard initials (2 lines). The large initials are generally extended into the margins.	Large	None. Two medium and six large ornamented initials on f. 1v1-4, f. 6v1-4, f. 14r1-4, f. 16v6-8 (Medium), f. 41r1-4, f. 46v7-10, f. 48v16-18 (Medium), f. 49r16-19.	Throughout		MS
						1350	Ff. 50v–64v	ByL (BGO)	Short													Hand b									
							Ff. 64v–69v	Fml	Comp.																						
							F. 69v		RBHM 1306																						
						1550-1600	ff. 70r-106r	ByL (BGO)	Translated into Danish	Unknown				II		Paper	None		Various			Hand c	Bergen		Black	Few Arabesque initials	Small	None			
							ff. 107r-120v	Fml																							
NB Ms 317 4to		Chr. Univ. 317 qv. (Storm 1885, 730); OsloUB 317 4:o	NB	Codex	4to	1350	F. 89ra–vb		RBHM 11.10.1303	Before the first gathering: ff. 1*-2* (made of paper), ff. 1-3 (made of parchment, marked as 89-91)	Unknown	Unknown		I	No	Parchment	Ink	2	35	Cursive	Yes	Hand a	Hamar	Gothic/Romanesque	R, G, B, Black	Ornamented large (4-7 lines), medium (3 lines) and small (2 lines) initials.	Large	On f. 91v, a full miniature of the Crucifixtion is depicted, in High-Gothic style. Ontherwise, no historiated content. Ten large initials are found on f. 95rb1-7, f. 118ra6-9, f. 121rb6-9, f. 124rb6-9, f. 128vb7-10, f. 135vb11-14, f. 137vb23-28, f. 147vb6-10, f. 160ra18-22, f. 164vb33-36. In some parts, drawings were added to the lower margins, with mainly floral motifs.	Throughout		NB
						1400–1500	F. 90v		RBHM 30.3.1307									1	20	Cursive		Hand c									
						1300–1350	F. 92ra–rb	KF (EidsL)	ToC	I: 7 (2b, 3f, ff. 4-10, marked as 92-98); II: 6 (3b, ff. 11-16, marked as 100-105); III: 6 (3b, ff. 17-22, marked as 106-111); IV: 6 (3b, ff. 23-28, marked as 112-117); V: 6 (3b, ff. 29-34, marked as 118-123); VI: 6 (3b, ff. 35-40, marked as 124-129); VII: 8 (4b, ff. 41-48, marked as 130-137); VIII: 8 (4b, ff. 49-56, marked as 138-145); IX: 6 (2b, 2f, ff. 57-62, marked as 146-151); X: 8 (4b, ff. 63-70, marked as 152-159); XI: 8 (4b, ff. 71-78, marked as 160-167)								2	34	Textualis		Hand e									
							Ff. 92v–94v	Calendarium	Jun-Oct									Various	Various												
							Ff. 95ra–98vb	KF (EidsL)	Ch. 1–29									2	34												
							F. 96ra		Konungatal Nóregs									2	34												
							Ff. 100ra–117vb	KJE	Comp; incl. ch. 67																						
							Ff. 118ra–167rb	MLL (EidsL)	w ToC; incl. RBMK; Epi; all to Eidsþ																						
						1350–1400	Ff. 167rb–169ra		RBEK 1280	XII: 4 (2b, ff. 79-82, marked as 168-171); after the last gathering: ff. 83-84 (made of parchment, marked as 171-172), f. 3* (made of paper)				II					32–33			Hand f									
							F. 169ra–rb		RBEK&HM 14.5.1290																						
							Ff. 169rb–170rb		RBHM 2.5.1313																						
							F. 170rb–va		RBHM 5.3.1304																						
							Ff. 170va–171ra		RBHM 29.5.1303																						
							F. 171rb–va		RBHM 1306																						
							F. 171va–vb		RBHM 25.11.1315																						
							F. 171vb		RBHM 26.12.1309																						
						1347	F. 172ra		RBHM 26.12.1309									2	Various			Hand g									
							F. 172rb–vb		RBHM 28.3.1318																						
							F. 172vb		RBHH 6.6.1263																						
						1350	F. 173ra–rb												32			Hand h									
						1350	F. 173rb–va	KN (BorgL)	ch. 50																						
							F. 173va–vb		RbMh (u.d.): Tithe and rights of the Church; Hamar																						
DG 8			Uppsala Universitetsbibliotek; Uppsala	Codex	Fol.	1300–1350	Ff. 1r–53v	MLL (FrL)	w ToC; incl. RBHK & MK; Epi; all to Frþ	1–8 (ff. 1–57; ff. 32–33 added later)	Unknown	260x195		I	No	Parchment	Ink	1	32	Textualis	Yes	Hand a (ff. 1r–31r; ff. 34r–53v)	Unknown	Romanesque	R, B	Ornamented large (4 lines), medium (3 lines) and small initials (2 lines). Small initials tend to be painted as Lombard letters.	Large	None. Three large initials on f. 1r1-4, f. 5r6-9 and f. 8r20-23.	Throughout	Jóhanna Katrín et.al. (2023)	MS
						1350								II							No	Hand b (ff. 32r–33v)					Medium				AV
						1300–1350	Ff. 53v–57v	Fml	ch. 1–19													Hand a (ff. 53v–57r									
																						Hand c (f. 57v)									
AM 69 4to			AMS	Codex	4to	1300–1350	Ff. 1r–81r	MLL (FrL)	Incl. RBHK & MK for Frþ; Epi to Gulaþ	I: 5 (1b, 3f, ff. 1-4); II: 6 (3b, ff. 6-11); III: 6 (3b, ff. 12-17); IV: 8 (4b, ff. 18-25); V: 3 (1b, 1f, ff. 27-29); VI: 8 (4b, ff. 30-37); VII: 8 (4b, ff. 38-45); VIII: 8 (4b, ff. 46-53); IX: 8 (4b, ff. 54-61); X: 8 (4b, ff. 62-69); XI: 8 (4b, ff. 70-77); XII: 4 (2b, ff. 78-81); XIII: 4 (2b, ff. 82-85)	Unknown	180x135		I	No	Parchment	Ink	1	27	Unknown	Yes	Hand a	Unknown	Romanesque	Y. R, G	Ornamented large (4 lines), medium (3 lines) and small initials (3 lines). Both medium and small initials tend to be painted as Lombard letters.	Large	None. Three ornamented large initials on f. 1r1-4, f. 76r16-19 and f. 79r7-10.	Throughout		HR
							Ff. 81r–83r		RBEK 1280											Cursiva A.	No	Hand b									
							F. 83r–v		RBHM 1306																						
							F. 84r		RBHM 26.12.1309																						
							Ff. 84r–85v		RBHM 2.5.1313																						
Isl. Perg. 4to 29		Holm Perg. 29 4to; C 16 (Storm 1885: 654)	KB	Codex	4to	1300–1350	Ff. 1r–58r	MLL (GuL)	Incl. RBHK & MK; Epi; all to Gulaþ	1–10 (ff. 1–62) (before f. 1r, on f. *1 (parchment), legal formulas on r and on v a Latin text)	Unknown	242x190		I	No	Parchment	Dry	1	28	Textualis	Yes	Hand a	Unknown	Gothic/Romanesque	R, G, Y	Ornamented large (4-6 lines), medium (3 lines) and small initials (3 lines). Often, medium and sometimes small initials are inhabited.	Large	Three historiated initials on f. 1r1-6 (Bréf Magnús konungs; A crowned head depicted facing the viewer), f. 14r18-21 (Mannhelgibálkr; A face looking at the viewer) and f. 23r6-9 (Erfðatal/Kvennagiftingar; two figures swearing an oath). Further five ornamented and at times inhabited main initials are found on f. 31r1-4, f. 34v21þ24, f. 49v7þ10, f. 63r7þ12 and f. 66r33þ36.	Throughout		MS
							F. 58v	ByL (BGO)	Pro 1 l.; Tfb ch. 1 (6 l.)																						
						1350–1400	Ff. 58v–59v		RBHM 2.5.1313											Cursiva A.	No	Hand d						None			
							Ff. 59v–61v		RBEM 1280																						
							F. 62r		RBHM 11.10.1303																						
							Ff. 62r–v		RBHM 29.5.1303																						
						1320–1350	Ff. 63r–72v	ByL (BGO)	Complete unt. Kab ch. 4	11 (ff. 63–72)					Yes		Ink		39	Textualis	Yes	Hand e									
						1300–1350	Ff. 73r–79r		Kab ch. 6–26	12 (ff. 73–79)									27	Textualis	No	Hand f		Other	None	None	Small	Small	Nowhere		
						1350–1400	Ff. 80r–81v	Hrðs	ch. 36	13 (ff. 80–85)					No		None		31–35			Hand d									
							F. 82r		RBHM 1306																						
							F. 82r–v		RBHM 28.8.1315																						
							F. 82v		RBEM 1280																						
							Ff. 83r–84r		RBHM 11.10.1303																						
							F. 84r–v		RBEK & HM (u.d.): On the arrogation of the Church																						
							F. 85r		RBHM 23.6.1310																						
							F. 85r–v		RBMK 14.9.1327																						
							F. 85v		RBHM 1316													Hand i									
						1300–1350	Ff. 86r–93r	KN (GuL)	Comp	14 (ff. 86–95)				II	No		Dry		28		Yes	Hand k		Romanesque	R, G	Mainly medium (3 lines) and small (2 lines) Lombard initials	Medium	None	Throughout		
						1375–1400	F. 93v		Legal formulas										Various		No	Hand l		None	None	None	None	None	Nowhere		
						1350–1400	F. 94r		RBMK 12.12.1330													Hand m									
									RBEK 1280																						
						1375–1400	F. 94v		Leiðangrsskipatal																						
							Ff. 94v–95r		Konungatal Nóregs													Hand n									
						1350	F. 95r	KF (BorgL)	Fragmentary. On the punishment of repeated sins													Hand o									
						1375–1400	F. 95r–v		Biskupatal Niðarósi									Various				Hand p									
						1557	ff. 96-112		RB (46 texts)	Unknown				III	No	Paper	None	Various	Various			Hand n (Nils Andersen)	Skien	Other	None	None	None	None	Nowhere		
						1604	ff. 112r-116		RB (4 texts)													Hand o (Engel Johnsson)									
NB Ms 1 4to		Chr. Univ. 1 qv. (Storm 1885, 723); OsloUB 1 4:o	NB	Codex	4to	1300–1350	Ff. 1r–86v	MLL (GuL)	Incl. RBHK & MK; Epi; all to Gulaþ	(before first gathering: glued-in Latin fragment) I: 6 (2b, 2f, ff. 1-6, marked as 1-2, and 4-7); II: 8 (4b, ff. 7-14, marked as 8-15); III: 6 (2b, 2f, ff. 15-20, marked as 17-22); IV: 9 (4b 1f, ff. 21-29, marked as 23-31); V: 8 (4b, ff. 30-37, marked as 32-39); VI: 8 (4b, ff. 38-45, marked as 40-47); VII: 8 (4b, ff. 46-53, marked as 48-55); VIII: 8 (4b, ff. 54-61, marked as 56-63); IX: 7 (3b, 1f, ff. 62-68, marked as 64-71), X: 8 (4b, ff. 69-76, marked as 72-79), XI: 7 (3b, 1f, ff. 77-83, marked as 80-86)	Unknown	Unknown		I	No	Parchment	Dry	1	22	Textualis	Yes (until f. 82v)	Hand a	Unknown	Romanesque	B, Y, R, G	Ornamented large (4-5 lines), medium (3 lines) and small (2 lines) initials. Large and medium initials are generally extended into the margins.	Large	None. Nine large initials on f. 1r1-4, f. 2r13-17, f. 6v10-14, f. 11r16-20, f. 18r19-22, f. 29r16-20, f. 40v8-11, f. 46v12-15, f. 71v9-12. On f. 72v, a crowqned gryllus figure is depicted in the lower margin.	Throughout		NB
						1350	Ff. 87r–88r		RBHM 2.5.1313	XII: 7 (3b, 1f, ff. 84-90, marked as 87-93); XIII: 2 (2f, ff. 91-92, marked as 94-95); XIV: 3 (1b, 1f, ff. 93-95, marked as 96-98); after last gathering: ff. 96-121 (27 paper leaves, marked as 99-125)									23	Cursiva A.	No	Hand b		Other	None	None	None	None	Nowhere		
						1400	Ff. 89ra–98vb	KAB	ch. 1–32					II				2	28	Cursiva A.		Hand d									
						1560	ff. 100v-103v		RB (31 texts)					III		Paper	None	1	Various			Hand e	Northern Norway								
NRA 7			NRA	Fragment	Unknown	1300–1350	Ff. 1–5	MLL (BorgL)	Lvb ch. 3–6; Arb 7–9; 15–22; 22–25; Arb ch. 1–3; Llb ch. 21–26; 57–59; 61; 61–64	Unknown	Unknown	255x180		I	No	Parchment	Ink	2	Various	Textualis	None	Hand a	Unknown	Romanesque	R, B	Ornamented medium (3 lines) and small (2 lines) initials and extended into the margins.	Medium	None	Throughout	Eken (1963:84-97)	NRA
NRA 37			NRA	Fragment	Unknown	1300–1350	Ff. 1–5	MLL (FrL)	Tfb ch. 12; Krb ch. 1–2; 7–10; Lvb ch. 3–4	Unknown	Unknown	285x208		I	No	Parchment	Dry	1	Various	Textualis	Yes	Hand a	Unknown	Romanesque	R, B	Ornamented small initials (2 lines)	Small	None	Throughout		NRA
NRA 15			NRA	Fragment	Unknown	1320–1350	Ff. 1–5	ByL (BGO)	Kab ch. 16; 18; 17; 23–26; 27; 28; Tjb ch. 2–4	Unknown	Unknown	160x200		I	No	Parchment	Ink	2	Various	Textualis	Yes	Hand a	Unknown	Romanesque	R	Small lombard initials (2 lines)	Small	None	Throughout	Jóhanna Katrín et.al. (2023)	NRA
							F. 6ra–rb	Fml	ch. 18–23																						
						1350–1370	F. 6va–vb		Legal formulas													Hand b									
NRA 29 C			NRA	Fragment	Unknown	1320–1350	Ff. 1–2	Hrðs	ch. 13–17; 20; 21–24; 51–54	Unknown	Unknown	250x160		I	No	Parchment	Ink	2	Various	Textualis	Unknown	Hand a	Unknown	Romanesque	R	Small lombard initials (2 lines)	Small	None	Throughout		NRA
NRA 35 B			NRA	Fragment	Unknown	1320–1350	F. 1ra–rb; f. 2ra–rb	Calendarium	Mar-Apr	Unknown	Unknown	140x200		I	No	Parchment	Ink	2	Various	Unknown	Yes	Hand a	Unknown	Romanesque	R, B, Y, Gold	Ornamented and guilded large initials (5 lines) and small initials (2 lines).	Large	None. Ornamented, guilded large initials on f. 1va1-5 and f. 2r7-11.	Throughout		NRA
							F. 1va–vb; f. 2va–vb		RBHM 12.8.1313												No	Hand b		Other	None	None		None	Nowhere		
NRA 50 E			NRA	Fragment	Unknown	1300–1375	Ff. 1–2	ByL (BGO)	Unknown	Unknown	Unknown	Unknown		I	No	Parchment	Ink	Unknown	Various	Textualis	Yes	Hand a	Unknown	Romanesque	R, B	Small ornamented initials (2 lines), partly extended into the margins.	Small	None	Throughout	Jóhanna Katrín et.al. (2023)	NRA
NRA 50 A 5			NRA	Fragment	Unknown	1300–1400	Ff. 1–2	MLL (unknown)	Mhb ch. 4–6; RbHh&Mh	Unknown	Unknown	Unknown		I		Parchment		Unknown	Various	Textualis		Hand a									NRA
NRA 50 A 6			NRA	Fragment	Unknown	1300–1400	F. 1	MLL (unknown)	Tfb ch. 6–7; 11	Unknown	Unknown	Unknown		I		Parchment		Unknown	Various	Textualis		Hand a									NRA
NRA 50 A 7			NRA	Fragment	Unknown	1300–1400	F. 1	MLL (unknown)	Llb ch. 62–64	Unknown	Unknown	Unknown		I		Parchment		Unknown	Various	Textualis		Hand a									NRA
NRA 50 A 8			NRA	Fragment	Unknown	1300–1400	F. 1	MLL (unknown)	Arb ch. 4; 7–8	Unknown	Unknown	Unknown		I		Parchment		Unknown	Various	Textualis		Hand a									NRA
NRA 50 A 9			NRA	Fragment	Unknown	1300–1400	F. 1	MLL (unknown)	Mhb ch. 6–8	Unknown	Unknown	Unknown		I		Parchment		Unknown	Various			Hand a									NRA
NRA 2			NRA	Fragment	Unknown	1302–1310	Ff. 1–25	MLL (GuL)	Lvb ch. 14–15; Mhb ch. 2; 17–19; 20–21; 23; Arb ch. 18–25; Lbb ch. 1–2; 3–8; Llb ch. 7–15; 37–39; 43–45; Tjb ch. 4–7; 11–16; fragm. of RBHK & MK and Epi	Unknown	Unknown	260x175		I	No	Parchment	Dry	2	Various	Protogothic	Yes	Hand a (Haukr Erlendsson)	Unknown	Romanesque	R, B	Small lombard initials (2 lines)	Small	None	Throughout	Eken (1963:38-51); Jóhanna Katrín et.al. (2023)	NRA
							F. 26	Fml	ch. 22																						
							Ff. 27–28	Hrðs	ch. 2																						
Mh 15	Lundarbók / Codex Reenhielmianus / LundUB Mh 15 / Medeltidshandskrift 15		LUB	Codex	Fol.		ff. 1ra-23ra	Hrðs		1-3 (ff. 1-23)	Unknown	295x210		I	Yes	Parchment	Ink	2	34	Textualis	Yes	Hand a	Bergen ?	Gothic/Romanesque	R, G, B, Y	Ornamented, often inhabited large (6-8 lines), medium (4-5 lines) and small initials (2-3 lines). Large initials and a number of medium initials are historiated.	Large	20 historiated main and medium initials on f. 1ra3-8 (Hirðskrá; King with sword), f. 24ra2-5 (Bréf Magnúss konungs (Bylov); King blessing), f. 24ra2-5 (Þingfararbolkr (Bylov); Hand blessing), f. 44va11-13 (Réttarbót Magnúss Eiríkssonar 9.3.1295; King blessing; Medium initial), f. 52ra2-6 (Kristinréttr yngri [G], ch. 1; Head of Christ), f. 61va4-9 (Bréf Magnúss konungs; King and Queen), f. 62va12-15 (Þingfararbolkr; Head of Christ), f. 66ra4-8 (Kristindómsbolkr; Christ in Majesty), f. 70ra16-21 (Landavarnarbolkr; Knight armed), f. 76ra1-6 (Mannhelgisbolkr; 2 figures arguing), f. 86ra1-6 (Erfðatal, Kvennagiftingar; 2 figures swearing), f. 88va18-23 (Erfðatal; 1 figure above, 3 figures below swearing), f. 94vb6-10 (Landabrigðabolkr, Ódalsskiptum; 2 figures swearing), f. 96va9-13 (Landabrigðabolkr, Landsleigu ok varnar; 1 figure swearing), f. 99rb7-11 (Landsleigubolkr; 2 human heads above, 1 gryllus figure below), f. 118rb3-8 (Kaupabolkr; 2 figures swearing), f. 125rb17-21 (Þjófabolkr; 1 hanged figure), f. 128rb6-9 (Réttarbót Hákonar Hákonarsonar in Landslog; King blessing; Medium initial), f. 128vb10-13 (Réttarbót Magnúsar Hákonarsonar in Landslog; Head of King; Medium initial), f. 130rb2-5 (Réttarbót Eiríks Magnússonar 1280; Head of King; Medium initial), f. 132va16-20 (Réttarbót Hákonar Magnússonar 28.6.1298; 2 rams; Medium initial). In addition, three unhistoriated ornamented medium initials are found on f. 26va5-10, f. 32va22-25 and f. 38rb1-5. Finally, on ff. 140-141, historiated scenes accompany the featured calendarium in the lower margins (Hunting with falcon for May, pulling weeds for June, ploughing for July, harvesting grain for August, harvesting fruits for Septemb er, sowing for Octover, butchering for November and brewing for December). Many of the minor and remaining medium initials are inhabited and feature human heads likely connected in one way or another to the introduced text sections.	Throughout	Storm (1885:698-700)	AV
						1305-1320	Ff. 24ra–38ra	ByL (BGO)	Shortened	4–7 (ff. 24–51)																					
							Ff. 38rb–44va	Fml	Comp																						
							Ff. 44vb–45rb		RBEK 9.3.1295																						
							F. 45rb–va		RBHM 24.8.1299																						
							Ff. 45va–47ra		RBEM 16.9.1282																						
							F. 47rb–va		RBHM 9.2.1302																						
							Ff. 47vb		RBHM 11.6.1302																						
							F. 48ra–rb		RBHM 5.3.1304																						
							F. 48rb–va		RBHM 1.11.1311																						
							Ff. 48va–49ra		RBHM 29.4.1314																						
							F. 49ra–rb		RBHM 21.10.1314																						
							F. 49rb–vb		RBHM 30.7.1316																						
							Ff. 49vb–50vb		RBHM 14.11.1316																						
							Ff. 50vb–51ra		RBMK 19.7.1320																						
							Ff. 52ra–58vb	KN (GuL)	ch. 1; 3; 9–27; 29–32	8 (ff. 52–85)									29												
							Ff. 59va–60ra		Um eiða atkvæði																						
							F. 59rb–va		SVK 17.8.1247										35–36												
							Ff. 59va–60ra		SIP 7.9.1248																						
							F. 60ra–rb	KJE	ch. 55																						
							Ff. 61va–130va	MLL (GuL)	diff. order: After Tjb; Mhb starts with ch. 26; followed with RbHh&Mh and Epi; on the est. of the law at Gulaþ	9–18 (ff. 61–139)									29												
							Ff. 130rb–132ra		RBEK 1280																						
							Ff. 132ra–135rb		RBHM 28.6.1298																						
							Ff. 135va–136rb		RBHM 29.5.1303																						
							F. 136rb–va		RBHM 26.12.1309																						
							Ff. 136va–137vb		RBHM 2.5.1313																						
							Ff. 137vb–138rb		RBHM 1306																						
							F. 138rb–va		RBHM 11.10.1303																						
							Ff. 138va–139ra		RBHM 23.6.1310																						
							F. 139ra–va		RBHM 15.5.1311																						
							F. 139vb		RBHM 1308/9																						
							Ff. 140r–141v	Calendarium	May–Dec	Glued in: 19 (ff. 140–141)									31												
AM 322 fol.		AM 733 4to	AMS	Codex	Fol.	1300	Ff. 1ra–19rb	Hrðs	Comp	I: 10 (5b, ff. 1-10); II: 9 (4b, 2f, ff. 11-20)	Unknown	260x177	Yes, one catchword on f. 10v	I	No	Parchment	Dry	2	32	Textualis	Yes	Various hands	Oslo ?	Romanesque	R, G, B	Ornamented medium (3 lines) and small (2 lines) initials and extended into the margins.	Medium	None	Throughout	Storm (1885); Jóhanna Katrín (2024); Jóhanna Katrín et.al. (2023)	HR
						1320	F. 20ra–rb		Borgarar rétt Hm					II			Ink	2	40		Yes	Hand c (NgL scribe)	Bergen ?	Romanesque	R, B, Brown, Gold	Ornamented and guilded large (5 lines), medium (3-4 lines) and small initials (2 lines).	Large	One heraldic main initial on f. 21ra4-8 (Kristinréttr Frostuþings eldri; Heraldic lion). Ninenteen ornamented, guilded large and medium initials on f. 30ra1-3 (Medium), f. 30vb15-19, f. 33rb23-27, f. 34ra31-35, f. 36rb8-12, f. 40rb32-36, f. 47rb28-32, f. 49rb2-5 (Medium), f. 53rb22-26, f. 56vb13-17, f. 659ra13-17, f. 73rb18-21 (Medium), f. 74vb32-35 (Medium), f. 80vb7-11, f. 84rb2-6, f. 87vb21-23 (Medium), f. 88ra33-36 (Medium), f. 90ra31-35.	Throughout		NorS (322)
							Ff. 21ra–28vb	FrLE	Long recension of Krb	III: 9 (4b, 1f, ff. 21-29); IV: 8 (4b, ff. 30-37); V: 8 (4b, ff. 38-45); VI: 8 (4b, ff. 46-53); VII: 8 (4b, ff. 54-61); VIII: 8 (4b, ff. 62-69); IX: 8 (4b, ff. 70-77); X: 8 (4b, 1f, ff. 78-86); XI: 6 (3b, ff. 87-92)																					
						1320–1350	F. 29ra–rb	KJE	ch. 55										45			Hand d									
							F. 29rb	KF (BorgL)	ch. 15																						
						1320	Ff. 30ra–74vb	MLL (GuL)											40			Hand c (NgL scribe)									
							Ff. 74vb–84ra	ByL (BGO)	Short (no Pro; Krb; Tjb)																						
							Ff. 84ra–87vb	Fml	Comp																						
							F. 87vb–88vb	MLL (GuL)	Incl. RBHK & MK; Epi; the latter addr to Gulaþ																						
							Ff. 89ra–90ra		RBEK 1280																						
							F. 90ra–vb		RBHM 2.5.1313																						
							Ff. 90vb–91va		RBHM 1308/9																						
						1320–1350	Ff. 91va–92ra		RBHM 29.5.1303													Hand e									
						1320	F. 92ra–va		RBHM 28.8.1315													Hand f									
							F. 92va–vb		RBHM 1306													Hand g									
NRA 35 A			NRA	Fragment	Unknown	1320	Ff. 1–23	MLL (GuL)	Krb ch. 5–8; 11–12; Lvb ch. 1–2; Mhb ch. 1–3; 10–13; 26–28; Arb ch. 1–5; Llb ch. 6–10; 14–16; 20–23; 27–29; 61–63; Kab ch. 12–14; 18–26	Unknown	Unknown	240x160		I	No	Parchment	Ink	2	Various	Textualis	Yes	Hand a (NgL scribe)	Bergen ?	Romanesque	R, B, Brown, Gold	Ornamented and guilded large (5 lines) and ornamented small initials (2 lines).	Large	None. Two ornamented and guilded large initials on f. 3va1-5 and f. 4ra7-11 and one guilded and ornamented medium initial on f. 29ra2-4.	Throughout	Jóhanna Katrín et.al. (2023:20)	NRA
							Ff. 24–27	ByL (BGO)	Krb ch. 12; Lvb ch. 1; 4; 7; 8; 11–17; Bob ch. 1–3																						
							F. 28	MLL (GuL)	RBMH sec. 5; 6; 11																						
							F. 29		RBEK 1280																						
							Ff. 30ra–31rb		RBHM 1308/9																						
							ff. 31va–33rb		RBHM 27.9.1315																						
							ff. 33va–34vb		RBHM 28.9.1315																						
AM 304 fol.			AMS	Codex	Fol.	1320	Ff. 1ra–44rb	MLL (GuL)	Comp.	I: 6 (2b, 2f, ff. 1-6); II: 8 (4b, ff. 7-14); III: 8 (4b, ff. 15-22); IV: 8 (4b, ff. 23-30); V: 8 (4b, ff. 31-38); VI: 8 (4b, ff. 39-46); VII: 8 (4b, ff. 47-54); VIII: 8 (4b, ff. 55-62); IX: 3 (1b, 1f, ff. 63-65)	Unknown	300x190		I	Yes	Parchment	Ink	2	40	Textualis	Yes	Hand a (NgL scribe)	Bergen ?	Romanesque	R, B	Ornamented large (5 lines) and small (2 lines) initials.	Large	None. Nine ornamented large and three medium initial on f. 1vb11–15, f. 2va30–34, f. 3vb21–25, f. 7vb34–38, f. 15ra1–5, f. 21ra30–34, f. 24vb3–7, f. 37vb4–8, f. 42va17–20 (Medium), f. 12va12–16, f. 48va37–39 (Medium), f. 53va12–15 (Medium). On f. 62va4-7, space was left for a medium initial.	Throughout	Jóhanna Katrín et.al. (2023:20)	HR
							Ff. 44va–48va	Fml	Comp.																						
							Ff. 48va–62ra	ByL (BGO)	Short (no Pro; short Tjb)																						
							Ff. 62ra–63ra	MLL (GuL)	RBHK & MK; Epi; the latter addressed to Gulaþ																						
							Ff. 63rb–64va		RBEK 1280																						
							Ff. 64va–65rb		RBHM 2.5.1313																						
							F. 65rb–vb		RBHM 1308/9																						
						1300–1320	Ff. 66v–81v	Hrðs	Compl.	X: 8 (4b, ff. 66-73); XI: 8 (4b, ff. 74-81); XII: 6 (2b, 2f, ff. 82-87)				II			Dry	1	36		None	Hand b	Unknown	None	None	None	None	None	Nowhere		
						1350–1370	Ff. 82r–87v												29			Hand c									
AM 60 4to			AMS	Codex	4to	1330–1350	Ff. 1ra–6va	KN (GuL)	Ch. 3; 9–27; 30–32	I: 7 (3b, 1f, ff. 1-7);	Unknown	210x156		II	Yes	Parchment	Dry	2	33	Textualis	None	Hand a	Unknown	Romanesque	R	Small lombard initials (2 lines)	Small	None	Throughout	Jóhanna Katrín et.al. (2023:20)	HR
							Ff. 6va–7va	KJE	Ch. 18–19: On tithe																						
						1320	Ff. 8ra–20rb	KF (FrL); incl. Bjarkeyjarréttr Niðarósi	Divided into three parts; each featuring a table of contents. The third section is a section of Bjarkeyjarréttr Niðarósi; entitled Bœrkonar réttr (on the rights of women in Niðaróss)	II: 8 (4b, ff. 8-15); III: 8 (4b, ff. 16-23); IV: 8 (4b, ff. 24-31); V: 8 (4b, ff. 32-39); VI: 8 (4b, ff. 40-47); VII: 8 (4b, ff. 48-55); VIII: 8 (4b, ff. 56-63); IX: 8 (4b, ff. 64-71); X: 8 (4b, ff. 72-79); XI: 8 (4b, ff. 80-87); XII: 8 (4b, ff. 88-95); XIII: 8 (4b, ff. 96-103)				I	No		Ink				Yes	Hand b (NgL scribe)	Bergen ?	Romanesque	G, B, R	Where inserted large (5 lines), medium (3-4 lines) and small (2 lines) ornamented and/or Lombard initials.	Large	None. Large and medium ornamented initials on f. 21va1–3, f. 99ra12–14, f 100ra13–15, f. 102va3–5, and space left for large and medium initials on f. 8rb27–30, f. 16ra11–14, f. 22va26–30, f. 26rb17–20, f. 27rb27–30, f. 30ra7–10, f. 35vb26–29, f. 45rb13–17, f. 53ra30–33, f. 57va20–23, f. 73va29–33, f. 79va4–7, f. 81va23–26, f. 84va14–17, f. 89rb22–25. A medium initial was later inserted on f. 93vb31–33.	Throughout		
							Ff. 20rb–21rb																								
							Ff. 21va–81va	MLL (GuL)	Comp. In Tfb ch. 2, guidelines to Frþ are added																						
							Ff. 81va–93vb	ByL (BGO)	Short: No Pro; Krb; short Tjb																						
							Ff. 93vb–98va	Fml	Comp																						
							Ff. 98va-100ra	MLL (GuL)	RBHK & MK; Epi; the latter addressed to Gulaþ																						
							Ff. 100ra–101va		RBEK 1280																						
							Ff. 101va–102va		RBHM 1308/9																						
							Ff. 102va–103rb		RBHM 2.5.1313																						
						1550-1600	f. 103rb26–33		Note on foreign trade												None	Hand d (Hans Jacobsen Loe)	Tønsberg	None	None	None	None	None	Nowhere		
						1350–1400	F. 103vb	Endamerki 1268/73	Border between Norway and Sweden													Hand c	Unknown								
						1550-1600	Fol. 103vb26–33		Note on the number of ships in the levy													Hand d (Hans Jacobsen Loe)	Tønsberg								
AM 65 4to			AMS	Codex	4to	1320–1350	Ff. 1r–59v	MLL (GuL)	w ToC; and RbHh&Mh and Epi all to Gulaþ	1–12 (ff. 1–77) (with catchwords on final verso sides of leaves on each gathering)	Unknown	235x160		I	Yes	Parchment	Ink	1	31	Textualis	Yes	Hand a	Unknown	Romanesque	R, B	Medium (3 lines) and small (2 lines) lombard initials	Medium	None	Throughout	Jóhanna Katrín et.al. (2023)	HR
							Ff. 59v–62r		RBEK 1280																						
							F. 62r		RBHM 29.5.1303																						
							Ff. 62r–63r		RBHM 11.10.1303																						
							Ff. 63r–64r		RBHM 2.5.1313																						
							F. 64r		RBHM 1306																						
							F. 65r		RBHM 28.3.1318																						
							Ff. 65v–73r	ByL (unknown)	Lvb ch. 8; Mhb ch. 10; Bob ch. 1–7; 9–18; Kab ch. 1–26 (short)										37	Cursiva A.		Hand b									
							Ff. 73r–77v	Fml	ch. 1–23																						
						1350	Ff. 78r–79v		RBHM 1308/9	Added leaves (ff. 78–79)				II	No		Dry		30–32	Cursiva A.	No	Hand c		Other	None	None	None	None	Nowhere		
							F. 79r–v		SVK 17.8.1247																						
						1320–1350	Ff. 80r–99r	KJE	Comp.	12–13 (ff. 80–99)				I	Yes		Ink		31	Textualis	Yes	Hand a		Romanesque	R, B	Medium (3 lines) and small (2 lines) lombard initials	Medium	None	Throughout		
NKS 1642 4to	Codex Tunsbergensis	Nyere Saml. 1642 qv (Storm (1885); B (Grøtvedt 1939)	GKS	Codex	4to	1575-1600	ff. 1-2		Description of Old Norwegian terms in Danish	Partly added to the binding (f. 1r glued to the binding)	Unknown	240x200		III	No	Paper	None	1	Various		No	Hand a	Unknown	None	None	None	None	None	Nowhere	Jóhanna Katrín (2024); Jóhanna Katrín et.al. (2023); Storm (1885:425-34)	DS
						1559	ff. 3-6	MLL	ToC	Unknown						Parchment						Hand b (Jørgen Claussøn)									NorS
						1300–1350	Ff. 7r–9v	Calendarium	Jan-Dec	Added leaves (ff. 7–9)				II			Dry	2		Textualis	Yes	Hand c		Romanesque	B, R	Text written in Blue and Red	Small	None	Throughout		
						1320–1330	Ff. 10ra–13vb	K (GuL)	Ch. 3; 9–27; 30–32	1–22 (ff. 10–177)				I	No		Ink		30	Textualis		Hand d			R, G, B (related to the parts of Hand d)	Ornamented large (4-5 lines), medium (3 lines) and small initials. Medium and small initials tend to be painted in Lombard letters.	Large	None. Five ornamented main initials on f. 52rb5-8, f. 102ra13-16, f. 107rb9-12, f. 145ra1-5, f. 159ra4-7. In addition, six medium initials on f. 7ra1-4, f. 51vb2-4, f. 100rb22-24, f. 115ra8-10, f. 121ra9-11.			
							Ff. 16vb–17va	KJE	Ch. 55: On property belonging to deceased people																						
							Ff. 17va–18ra		SVK 17.8.1247																						
						1350	F. 18ra–rb		Um eiða atkvæði								None		Various	Cursiva A.	No	Hand e									
						1450-1500	f. 18rb		Legal formulas								Ink		30	Cursiva R		Hand f									
						1320–1330	Ff. 18v–24r	KF (BorgL)	Comp.								None		Various	Cursiva A.	Yes	Hand d									
						1450-1500	Ff. 24va-24vb		RBEM 9.3.1295								Ink		30	Cursiva R	No	Hand f									
						1320–1330	Ff. 25ra–102ra	MLL (BorgL)	Comp. In Epi; Gulaþ is addr; while in RBHK & MK Borgþ is addr.											Textualis	Yes	Hand d									
							Ff. 102ra–107rb		RBHM 9.9.1302																						
							Ff. 107rb–121ra	ByL (TBG)	Short.; no Pro																						
							Ff. 121ra–127va	Fml	Comp.																						
						1450-1500	ff. 127vb-128ra		RBKK 1445												No	Hand f									
							f. 128ra-vb		RBHK 29.1.1377																						
							f. 128vb		RBHM 16.10.1299																						
						1320–1330	Ff. 129ra–131ra		RBEK 1280											Textualis	Yes	Hand d									
							Ff. 131ra–132rb		RBHM 2.5.1313																						
							F. 132rb–vb		RBHM 1306																						
							Ff. 132vb–133rb		RBHM 26.12.1309																						
							Ff. 133rb–135ra		RBHM 15.11.1316																						
							F. 135ra–vb		RBHM 28.8.1315																						
							Ff. 135vb–136va		RBHM 29.5.1303																						
							F. 136va–vb		RBHM 10.5.1318																						
							F. 137ra–vb		RBHM 3.11.1318																						
							Ff. 137vb–139rb		RBHM 1318 (11.10.1303)																						
							F. 139rb–vb		RBEM&GM (u.d): On the arrogation of the Church																						
							Ff. 139vb–140rb		RBHM 28.3.1318																						
							F. 140rb–va		RBHM 25.11.1315																						
							f. 140va-vb		RBHM 1301?																						
							Ff. 140vb–141va		RBHM 30.7.1316																						
							Ff. 141va–142ra		RBHM 19.7.1312																						
							F. 142ra–rb		RBHM 23.11.1312																						
							F. 142rb–va		RBHM 29.6.1312																						
							F. 142va–vb		RBHM 14.10.1312																						
							Ff. 142vb–143rb		RBEM&HM 14.5.1290																						
							F. 143rb		RBHM 19.7.1312																						
							F. 143rb–vb		RBHM 11.10.1303																						
							Ff. 143vb–144rb		RBHM 23.6.1310																						
							F. 144rb–va		RBHM 14.9.1307																						
							F. 144va–vb		RBHM 30.3.1307																						
							Ff. 145r–167r	Hrðs	Comp.																						
						1450-1500	f. 167r		RBKK 1442 [1]						No		No	1	Various		No	Hand f		Other	None	None	None	None	Nowhere		
							ff. 167v-168r		RBKK 1442 [2]																						
							f. 168r		RBHM 53.1304																						
							f. 168va-vb		RBKK 1445								Yes	2													
							f. 169ra-b		RBMK 18.3.1348																						
							f. 169rb-vb		RBMD 1392																						
							ff. 169vb-170rb		RBKK 1451																						
							f. 170rb-vb		RBHM [undated]: Om handgangne mennes forpliktelser																						
							ff. 170vb-171r	MLL	RBMK					Unknown			No	1				Hand g									
						1550	f. 171v		RBMK & HM 1362													Hand h									
						1450-1500	f. 172r-v		SVK 17.8.1247													Hand g									
						1500	f. 173r		RBHK 1491													Hand i									
						Unknown	F. 173v		Legal formulas													Various hands									
						1400-1500	ff. 174ra-175va		Tractat on inheritance									2				Hand n									
						1450-1500	ff. 175va-176rb		RBHK [undated]: On trade and coins													Hand o									
							f. 176rb		RBHM 29.5.1303																						
						1550	f. 176v		RBHM 16.10.1299									1				Hand h									
							f. 176v		Verdict on the inheritance of Eivind Eivindsson and Niels and Bård Aslaksson, ca. 1530 (Vestfold)																						
						1350	F. 177r		RBMK 14.9.1327									1				Hand p									
							F. 177r–v		RBHM 1308/9													Hand q									
						1575-1600	186v		10 additional texts	8 added paper leaves						Paper						Hand a, Hand m, Hand b									
NRA 47			NRA	Fragment	Unknown	1325	Ff. 1–5	MLL (unknown)	Lvb ch. 1–2; Arb ch. 15–19; Llb ch. 32–35	Unknown	Unknown	250x175		I	Yes	Parchment	Dry	2	Various	Protogothic	Yes	Hand a	Unknown	Romanesque	R, Y	Ornamented small initials (2 lines)	Small	None	Throughout		NRA
NRA 50 A 1			NRA	Fragment	Unknown	1275-1325	Ff. 1–2	MLL (unknonwn)	Llb ch. 9–10; 11–12; 14; 32–35	Unknown	Unknown	Unknown		I	Yes	Parchment	Ink	1	Various	Protogothic	Yes	Hand a	Unknown	Romanesque	R, B	Lombard medium (3 lines) and small (2 lines) initials	Medium	None	Throughout		NRA
Isl. Perg. 4to 28		Holm Perg. 28 4to; C 15 (Storm 1885, 653)	KB	Codex	4to	1350–1400, 1550, 1575	Ff. 1v–7v	Calendarium	Jan-Dec	1 (ff. 1–7)	Unknown	185x155		I	No	Parchment	Dry	1	Various		Yes	Hand a, Hand c (with green ink), Hand d	Unknown	Romanesque	R, B, G	Headers with pen-flourished ornamentation	Small	None	Throughout		MS
						1320–1350	Ff. 8ra–97vb	MLL (BorgL)		2–21 (ff. 8–128)				II				2	26	Textualis		Hand b			R, B, G (only those parts by Hand b)	Ornamented large (5-9 lines), medium (4 lines) and small initials (2 lines) (only those parts by Hand b). Small initials are usually extended into the surrounding margins.	Large	None. Ten ornamented, large initials on f. 8ra1-9, f. 10ra13-17, f. 15vb1-5, f. 24ra13-18, f. 42vb8-13, f. 59va1-6, f. 83rb19-24, f. 92ra22-26, f. 98ra2-7, f. 120va3-7. In addition, three medium-sized ornamented initials on f. 45vb23-26, f. 97rb6-8, f. 105va3-6.	Throughout		
							ff. 80-81 (margin)		Additional section on moose hunt											Cursive		Hand d (Erik Brockenhus?)									
							Ff. 8ra–97vb	MLL (BorgL)	Incl. RBHK & MK and Epi; the latter addr. to Borgþ; as well as in Tjb ch. 1											Textualis		Hand b									
							f. 97va-vb		Register rent of land in Borgesyssel and Viken											Cursive		Hand d (Erik Brockenhus?)									
							Ff. 98ra–105rb	Fml												Textualis		Hand b									
							Ff. 106ra–120ra	ByL (TBG)																							
							Ff. 120va–128vb	KF (BorgL)																							
AM 74 4to			AMS	Codex	4to	1320–1350	Ff. 1ra–35vb	MLL (BorgL)	Fragm.	I: 4 (1b, 2f, ff. 1-4); II: 5 (2b, 1f, ff. 5-9); III: 6 (3b, ff. 10-15); IV: 8 (4b, ff. 16-23); V: 7 (3b, 1f, ff. 24-30); VI: 5 (2b, 1f, ff. 31-35)	Unknown	205x145		I	Yes	Parchment	Dry	2	30	Cursiva A.	Yes	Hand a	Unknown	Romanesque	R	Lombard-styled large (5 lines), medium (4 lines) and small (2 lines) initials.	Medium	None. Two large Lombard letters on f. 28va20-24 and f. 32rv4-8 and five medium-sized Lombard initials on f. 4rb27-30, f. 7ra8-11, f. 12va23-26, f. 14va25-28, f. 23rb3-6.	Throughout		HR
																															NorS
NRA 13			NRA	Fragment	Unknown	1320–1350	Ff. 1–4va	MLL (FrL?)	Tfb ch. 5–6; Mhb ch. 16–17; Kab ch. 4–7; RbHh and Epi; to Gulaþ	Unknown	Unknown	Unknown		I	Yes	Parchment	Dry	2	32	Protogothic	Yes	Hand a	Unknown	Romanesque	F, G	Ornamented medium (4-5 lines) and small initials (2 lines)	Medium	None. Six medium initials on f. 1rb5-8, f. 1va21-24, f. 2rb15-18, f. 3rd8-12, f. 3va4-7 and f. 4ra16-19 (?)	Throughout		NRA
						1350	F. 2vb		RBHM 30.3.1307													Hand b		Other	None	None		None	Unknown		
NRA 11			NRA	Fragment	Unknown	1320–1350	Ff. 1–4	MLL (EidsL)	Tfb ch. 2–3; Krb ch. 5–6. In Tfb ch. 2, Gulaþ is addr.; while in the other subch. of MLL; Eidsþ is ref. to	Unknown	Unknown	Unknown		I	Yes	Parchment	Dry	1	Various	Textualis	Yes	Hand a	Unknown		None	None	Small	None	Unknown	Eken (1963:111-112)	NRA
NRA 16			NRA	Fragment	Unknown	1320–1350	Ff. 1–2	MLL (unknown)	Arb ch. 12–15	Unknown	Unknown	180x250		I	No	Parchment	Ink	2	Various	Textualis	Yes	Hand a	Unknown	Other	None	None		None	Unknown		NRA
NRA 17			NRA	Fragment	Unknown	1320–1350	Ff. 1–8	MLL (unknown)	Mhb ch. 4–11; Llb ch. 58–59; 61	Unknown	Unknown	280x160		I	No	Parchment	Ink	2	Various	Textualis	Yes	Hand a	Unknown	Romanesque	R	Small Lombard initials (2 lines)	Small	None	Throughout		NRA
NRA 12		UBB MS 1836 1	NRA	Fragment	Unknown	1320–1350	Ff. 1–5	MLL (unknown)	Llb ch. 27–29; 30–33	Unknown	Unknown	160x130		I	No	Parchment	Dry	1	Various	Cursiva A.	Yes	Hand a	Unknown	Romanesque	R, B	Ornamented medium (3 lines) initials.	Medium	None. Four ornamented medium initials on f. 1r10-11 (+ f. 2r1), f. 3v6-8, f. 4r12-14, f. 5v5-7.	Throughout	Eken (1963:113-115)	NRA
NRA 14			NRA	Fragment	Unknown	1320–1350	Ff. 1–2	MLL (unknown)	Lvb ch. 3–8	Unknown	Unknown	290x200		I	No	Parchment	Dry	2	Various	Protogothic	Yes	Hand a	Unknown	Romanesque	R, G	Ornamented small initials (2 lines)	Small	None	Throughout		NRA
NRA 24			NRA	Fragment	Unknown	1320–1350	Ff. 1–12	MLL (unknown)	Tfb ch. 6–9; Lbb ch. 4–7	Unknown	Unknown	230x180		I	No	Parchment	Ink	Unknown	Various	Textualis	Yes	Hand a	Unknown	Romanesque	R, B	Ornamented small initials (2 lines)	Small	None	Throughout		NRA
NRA 30, NRA 31, NRA 32, NRA 33		Maybe fragments of individual manuscripts	NRA	Fragment	Unknown	1320–1350	Ff. 1–10	MLL (unknown)	Pro; Krb ch. 6; Lvb ch. 1; Mhb ch. 12–13; Arb ch. 2–4; Lbb ch. 8–9	Unknown	Unknown	250x180		I	No	Parchment	Dry	2	Various	Textualis	Yes	Hand a	Unknown	Romanesque	R, B	Ornamented medium (3 lines) and small (2 lines) initials. Small initials often painted as Lombard letters.	Medium	One medium initial on NRA 33, f. 2r	Throughout		NRA
																															NRA
																															NRA
																															NRA
NRA 40			NRA	Fragment	Unknown	1320–1350	Ff. 1–2	MLL (unknown)	Lvb ch. 4–7	Unknown	Unknown	Unknown		I	No	Parchment	Dry	1	Various	Textualis	Yes	Hand a	Unknown	Romanesque	R	Small Lombard initials (2 lines)	Small	None	Throughout		NRA
NRA 42			NRA	Fragment	Unknown	1320–1350	F. 1	MLL (unknown)	Llb ch. 62–64	Unknown	Unknown	Unknown		I	No	Parchment	Dry	1	Various	Textualis	No	Hand a	Unknown	Other	None	None		None	Nowhere		NRA
NRA 43			NRA	Fragment	Unknown	1320–1350	Ff. 1–3	MLL (unknown)	Mhb ch. 8–10; Kab ch. 16–22	Unknown	Unknown	240x170		I	No	Parchment	Ink	Unknown	Various	Textualis	Unknown	Hand a	Unknown	Other	None	None		None (one small initial on f. 2v, but likely later added)	Nowhere		NRA
NRA 44			NRA	Fragment	Unknown	1320–1350	Ff. 1–2	MLL (unknown)	Lbb ch. 12–17	Unknown	Unknown	Unknown		I	Yes	Parchment	Dry	1	Various	Textualis	Yes	Hand a	Unknown	Romanesque	R	Small Lombard initials (2 lines)	Small	None	Throughout		NRA
AM 315 i fol.			AMS	Fragment	Fol.	1320–1350	Ff. 1–2	MLL (unknown)	Llb ch. 28–31; 46–48	Unknown	Unknown	290x203		I	Yes	Parchment	Dry	1	30	Textualis	Yes	Hand a	Unknown	Romanesque	R, B	Ornamented small initials (3 lines). Those whose letter is painted in blue are embellished with pen-flourishing, those who are painted in red remain as Lombard letters.	Small	None	Throughout	Kålund (1886:264)	HR
AM 1056 III 4to			AMS	Fragment	4to	1325–1350	Ff. 1–2	MLL (unknown)	Krb ch. 5–6; Lvb ch. 1	Unknown	Unknown	80x68		I	Unknown	Parchment	Dry	Unknown	Unknown		Unknown	Hand a	Unknown	Romanesque	Unknown	Small Lombard initials (2 lines)	Small	None	Throughout	Eken (1963:116-117)	
AM 1056 VI 4to			AMS	Fragment	4to	1320–1350	F. 1	MLL (unknown)	Arb ch. 8–13	Unknown	Unknown	280x182		I	Unknown	Parchment	Dry	2	Unknown		Unknown	Hand a	Unknown	Unknown	Unknown	Unknown	Unknown	Unknown	Unknown		
AM 1056 VII 4to			AMS	Fragment	4to	1300–1350	Ff. 1–2	MLL (unknown)	Llb ch. 61–64	Unknown	Unknown	235x170		I	Unknown	Parchment	Dry	2	Unknown		Yes	Hand a	Unknown	Romanesque	Unknown	Small ornamented initials (2 lines), partly extended into the margins.	Small	None	Throughout	Eken (1963:118)	
GKS 3261 4to			GKS	Codex	4to	1325–1350	Ff. 1v–106v	MLL (B)	Comp.; incl. RbHh&Mh and Epi; all addr to Borgþ	I: 8 (4b, ff. 1-8); II: 8 (4b, ff. 9-16); III: 8 (4b, ff. 17-24); IV: 8 (4b, ff. 25-32); V: 8 (4b, ff. 33-40); VI: 8 (4b, ff. 41-48); VII: 8 (4b, ff. 49-56); VIII: 8 (4b, ff. 57-64); IX: 8 (4b, ff. 65-72); X: 6 (3b, ff. 73-78); XI: 8 (4b, ff. 79-86); XII: 8 (4b, ff. 87-94); XIII: 8 (4b, ff. 95-102); XIV: 8 (4b, ff. 103-110); XV: 6 (3b, ff. 111-116);	Unknown	270x230		I	Yes	Parchment	Dry	1	19	Textualis	Yes	Hand a	Unknown	Romanesque	R, B	Ornamented large (4 lines), medium (3 lines) and small initials (2 lines). Small initials tend to be painted as Lombard letters.	Large	None. One ornamented large initial on f. 1v1-4. In addition, three ornamented medium initials on f. 8r11-13, f. 13r12-14 and f. 36v8-10.	Throughout	Jóhanna Katrín et.al. (2023)	NorS
							Ff. 106v–116r	Fml	Comp.																						
						1400	F. 116r		RBHM 14.9.1307						No		None		Various		No	Hand b		Other	None	None		None	Nowhere		
							F. 116v		RBHM 19.7.1312																						
						1325–1350	Ff. 117r–129v	KN (BorgL)	Comp.	XVI: 8 (4b, ff. 117-124); XVII: 9 (ff. 125-133)					Yes		Dry		19		Yes	Hand a		Romanesque	R, B	Lombard small initials (2 lines).	Large	None	Throughout		
							Ff. 129v–130v		RBHM 1306																						
							Ff. 130v–131r		RBHM 30.3.1307																						
							Ff. 131r–133r		RBEK 1280																						
AM 31 8vo			AMS	Codex	8vo	1325–1350	Ff. 1ra–8r	KF (BorgL)	Comp; addr to BGO	I: 7 (3b, 1f, ff. 1-7); II: 5 (2b, 1f, ff. 8-12); III: 8 (3b, 2f, ff. 15-22); IV: 6 (3b, ff. 23-28); V: 10 (4b, 2f, ff. 29-38); VI: 4 (1b, 2f, ff. 39-42); VII: 6 (3b, ff. 43-48); VIII: 6 (3b, ff. 49-54); IX: 8 (4b, ff. 55-62); X: 8 (4b, ff. 63-70); XI: 8 (4b, ff. 71-78); XII: 9 (4b, 1f, ff. 79-87); XIII: 8 (4b, ff. 88-95); XIV: 9 (4b, 1f, ff. 96-104); XV: 7 (3b, 1f, ff. 105-111); XVI: 5 (2b, 1f, ff. 112-116); XVII: 3 (1b, 1f, ff. 117-119)	Unknown	115x97		I	No	Parchment	Ink	2	33	Cursiva A.	No	Hand a	Unknown	Other	Unknown	Ornamented large initials (4-7 lines) and medium initials and letters (3 lines) added in some places, perhaps at a later time.		None. Seventeen large initials on f. 14rb6-10, f. 28vb4-8, f. 48ra7-10, f. 41ra1-4, f. 61ra1-7, f. 61va10-13 (Lombard initial), f. 74va10-13 (Lombard initial), f. 79rb22-25, f. 78rb5-8, f. 80va24-27, f. 81rb1-4, f. 81vb6-10, f. 86vb9-14, f. 101ra23-26, f. 109ra15-18, f. 109va28-31, f. 115vb5-9. In addition, large letters placed at the first three lines of new sections are found on f. 8va1-3 and f. 9va16-18.	Throughout	Jóhanna Katrín et.al. (2023)	HR
																		1 (f. 8r)	36												NorS
							Ff. 8va–99b	MLL (BorgL)	Comp; incl. RbHh addr to Gulaþ; RbMh and Epi addr to Borgþ									2	34–36												
							Ff. 99vb–100rb		RBHM 1306																						
							Ff. 100rb–101ra		SVK 17.8.1247																						
							F. 101ra–rb		RBHM 26.12.1309																						
							Ff. 101va–103va		RBEK 1280																						
							Ff. 103va–104vb		RBMK 1267																						
							Ff. 105ra–116vb	ByL (unidentified)	Compl. In the rubric to Bob ch. 15; BGO is named; otherwise no city-spec ref are given																						
Isl. Perg. fol. 11		Holm Perg. 11 fol. / C 14 (Storm 1885, 650) / AM 305 fol. (in Isl. Perg. fol. 11 ff. 137-140)	KB	Codex	Fol.	1325–1350	Ff. 1v–107r	MLL (BorgL)	Compl; incl. RbHh&Mh; Epi; the first and latter ones addr to Borgþ	1–17 (ff. 1–120)	Unknown	270x193		I	No	Parchment	Dry	1	24	Textualis	Yes	Hand a (rubrics by the same hand in the later part on ff. 67v-69v, ff. 75v-77v, f. 86v, f. 87r, f. 89r, ff. 91r-92v, ff. 93v-94r, ff. 97v-100r, ff. 103r-105r, ff. 107r-109r written in blue, similar to the accompanying small and medium initials. Hence the book paiunting very likely was made by the same hand)	Unknown	Romanesque	R, B, G	Ornamented large (4-6 lines), medium (3 lines) and small initials (3 lines).	Large	None. Eleven ornamented large initials on f. 1v1-6, f. 7v8-12, f. 13v5-9, f. 22v3-7, f. 38v1-5, f. 47v20-24 (left empty), f. 53r1-4, f. 60v5-8, f. 89r15-18, f. 107v1-4. In addition, six ornamented medium initials on f. 3r4-6, f. 42v15-17, f. 55v22-24, f. 100r8-10, f. 104v4-6, f. 105r22-24.	Throughout		MS
							Ff. 107v–118r	Fml	Short: The first four ch are ref to in rubrics only																						
						1350	Ff. 118r–119r		RBHM 1306										31	Cursiva A.	No	Hand b (Guðormr Guðbrandsson)									
							F. 119r		RBHM 30.3.1307																						
							Ff. 119r–120v		RBEK 1280																						
						1575-1600	ff. 121r-v		RBEK 1280	Unknown				II		Paper	None		Various	Hybrida		Hand c		Other	None	None		None	Nowhere		
							f. 121v	KJE	ch. 35																						
							f. 121v		Legal formulas																						
							ff. 122-126		5 law amendments																						
						1677	ff. 127-136		15 law amendments and sections from main law texts, in parts copied from Isl. perg. 4to 29 and AM 305 fol.													Hand d (G. Sparfwenfeldt)									
						1450	ff. 137-140	ByL (OSL)	Kob ch. 6-25													Hand e									
						1677	ff. 141-143r	ByL (OSL)	Kob 25-26, Mhb ch. 21, Lvb ch. 7-8, Mhb, 10-12, 21, Tjb ch. 2-4, 8.													Hand d (G. Sparfwenfeldt)									
							f. 143v		Mammatabol, coped from AM 94 4to																						
AM 323 fol.			AMS	Codex	Fol.	1325–1350	Ff. 1r–17v	Hrðs		I: 8 (4b, ff. 1-8); II: 8 (4b, ff. 9-16); III: 8 (4b, ff. 17-24); IV: 8 (4b, ff. 25-32); V: 8 (4b, ff. 33-40); VI: 8 (4b, ff. 41-48); VII: 8 (4b, ff. 49-56); VIII: 6 (6f, ff. 57-62) (catchwords at the end of each gathering)	Unknown	280x200		I	No	Parchment	Ink	1	34	Textualis	Yes	Hand a	Bergen ?	Romanesque	B, R (until end of gathering 2 (f. 16), same with rubrics)	One ornamented large initial (4 lines), otherwise Lombard medium (3 lines) and small initials (2 lines) up until f. 16v. Afterwards sporadically small initials in black (likely added later).	Large	None. One large initial on f. 1r2-5. Otherwise Lombard medium and small initials up until f. 16v (end of gathering 2).	Throughout	Jóhanna Katrín et.al. (2023)	HR
							Ff. 17v–55r	ByL (BGO)																							NorS
							Ff. 55r–61r	Fml																							
							Ff. 61r–62r	ByL (BGO)	RBMK and Epi; both ref to BGO																						
NRA 19 B			NRA	Fragment	Unknown	1325–1350	Ff. 1–4	MLL (unknown)	Llb (ch. 27–30; 33; 35)	Unknown	Unknown	200x145		I	No	Parchment	Ink	1	Various	Textualis	Yes	Hand a	Unknown	Romanesque	R	Small Lombard initials (2 lines)	Small	None	Throughout		NRA
NRA 48 B			NRA	Fragment	Unknown	1350-1400 (1325–1350)	F. 1r; f. 2r		RBHM 26.12.1309	Unknown	Unknown	260x180		I	No	Parchment	Dry	1	Various	Cursiva R	No	Hand a	Unknown	Other	None	None		None	Throughout		NRA
							F. 2r		RBHM 14.9.1307																						
							F. 1v; f. 2v		Um eiða atkvæði																						
Isl. Perg. 4to 35		Holm Perg. 35 4to; C 22 (Storm 1885, 672)	KB	Codex	4to	1350	Ff. 1r–5r	KJE		I: 6 (4 b; ff. 1–8); II: 6 (2 b; 2 f; ff. 9–14)	Unknown	183x130		I	No	Parchment	Ink	1	32		Yes	Hand a	Hamar ?	Romanesque	R (apart from the part written by hand c)	Lombard small initials (2 lines).	Small	None	Throughout		MS
							Ff. 5r–14v	KF (FrL)											28–31			Hand b									
						1420-1440	F. 14v		RBMK 1363										Various		No	Hand c									
						1350	Ff. 15r–21r	MLL (FrL)		III: 8 (4 b; ff. 15–22); IV: 6 (3 b; ff. 23–28); V: 8 (4 b; ff. 29–36); VI: 8 (4 b; ff. 37–44); VII: 8 (4 b; ff. 45–52); VIII: 8 (4 b; ff. 53–60); IX: 2 (1 b; ff. 61–62); X: 8 (4 b; ff. 63–70); XI: 8 (4 b; ff. 71–78); XII: 8 (4 b; ff. 79–86); XIII: 4 (2 b; ff. 87–90)									29		Yes	Hand d									
							Ff. 21r–26r		RBHM 9.9.1302																						
							Ff. 26v–29r	MLL (GuL)													No	Hand a									
							Ff. 29v–88v	MLL (EidsL)											29		Yes	Hand e									
						1350–1400	F. 89v	KF (EidsL)														Hand f									
							Ff. 89v–90r	KJE											Various												
						1400	F. 91r–v		StVk 17.8.1247	XIV: 8 (4 b; ff. 91–98); XV: 8 (4 b; ff. 99–106); XVI: 9 (4 b; 1 f; ff. 107–115); XVII: 7 (3 b; 1 f; ff. 116–122); XVIII: 4 (1 b; 2 f; ff. 123–126) (f. 108, f. 112 and f. 114 made of paper)				II			None		Various		No	Hand g	Tønsberg ?	Other	None	None			Nowhere		
							Ff. 91v–92v		StIp 7.9.1248																						
							Ff. 92v–93r		RbMH (undated)																						
							Ff. 93r–98v		RbHM 9.9.1302																						
							Ff. 99r–100v		RbHM 2.5.1313																						
							Ff. 100v–102v		RbHM 15.11.1316																						
							Ff. 102v–103r		RbHM 10.5.1318																						
							Ff. 103r–104r		RbHM 1306																						
							F. 104r–v		RbHM 30.3.1307																						
							F. 104v		RbHM 26.12.1309																						
							Ff. 104v–105v		RbHM 28.3.1318																						
							F. 105v		RbHM 19.7.1312																						
							Ff. 105v–106r		RbHM 19.7.1312																						
							F. 106r–v		Dipl. 20.4.1319																						
							Ff. 106v–107r		RbHM 11.10.1303																						
							Ff. 107r–108r		RbHM 5.3.1304																						
							Ff. 108r–110r		RbEM 1280																						
							Ff. 110r–111r		RbEM & HM 14.5.1290																						
							Ff. 111r–112r		RbHM 29.5.1303																						
							Ff. 112r–113r		RbMH 1267																						
							F. 113v		RbME 14.9.1327																						
							Ff. 113v–114r		RbHM 23.4.1293																						
							Ff. 114r–116r		RbME 25.4.1346																						
							Ff. 116r–118r		RbHM 22.1.1358																						
							Ff. 118r–120v		RbHM (undated 1)																						
							Ff. 121r–122v		RbHM 1.11.1311																						
							Ff. 122r-123r		RbHM (undated 2)																						
							Ff. 123r–124r		RbME 16.2.1348																						
							F. 124r–v		RbHM 23.6.1310																						
							Ff. 124v–125v		RbME 8.1.1357																						
							Ff. 125v–126v		RbME 18.2.1348																						
							Ff. 126v–127v		RbMV 1400																						
AM 307 fol.			AMS	Codex	Fol.	1350	Ff. 1ra–64rb	MLL (GuL)	Comp. In RbHH and Epi; Borgþ is addr; in RbMH; Gulaþ is addr	I: 7 (3b, 1f, ff. 1-7); II: 8 (4b, ff. 8-15); III: 8 (4b, ff. 16-23); IV: 7 (3b, 1f, ff. 24-30); V: 8 (4b, ff. 31-38); VI: 8 (4b, ff. 39-46); VII: 8 (3b, 2f, ff. 47-54); VIII: 8 (4b, ff. 55-62); IX: 8 (4b, ff. 63-70); X: 2 (2f, ff. 71-72)	Unknown	255x183				Parchment		2	Unknown			Hand a								Jóhanna Katrín et. al. (2023)	HR
						1400	Ff. 18v–19v (marg.)		Legal formulas													Hand b									NorS
						1350	Ff. 64v–72vb	MLL (TBG)	Short; feat. Lvb (ch. 8); Mhb (ch. 10); Bob (ch. 1–7; 9–18); Kab (ch. 1–24 (mostly short))													Hand a									
AM 63 4to			AMS	Codex	4to	1350 (Spørck (2024:32) d. 1450)	Ff. 1r–46r	MLL (BorgL)	Comp. In RbMH and Epi; Borgþ is addr; as well as in Arb (ch. 4 and 8). In RbHH; Gulaþ is addr	I: *1-*6 (paper leaves); II: 2 (1b, ff. 1-2); III: 5 (2b, 1f, ff. 3-7); IV: 6 (2b, 2f, ff. 8-13); V: 4 (2b, ff. 14-17); VI: 5 (2b, 1f, ff. 18-22); VII: 5 (2b, 1f, ff. 23-37); VIII: 6 (3b, ff. 28-33); IX: 6 (3b, ff. 34-39); X: 1 (1f, f. 40); XI: 6 (3b, ff. 41-46)	Unknown	193x160				Parchment		1	23–33			Hand a								Spørck (2024:32)	HR
GKS 3260 4to			GKS	Codex	4to	1350	Ff. 1va–40vb	MLL (GuL)	Comp.	I: 8 (4b, ff. 1-8); II: 8 (4b, ff. 9-16); III: 8 (4b, ff. 17-24); IV: 7 (3b, 1f, ff. 25-31); V: 8 (4b, ff. 32-39); VI: 8 (4b, 1f, ff. 40-48, f. 41 glued-in); VII: 6 (3b, ff. 49-54); VIII: 6 (3b, ff. 55-60); IX: 2 (1b, f. 61-62)	Unknown	260x185		I	Yes	Parchment	Dry	2	34		Yes	Hand a	Unknown	Romanesque	G, R	Ornamented large and small initials (2 lines)	Large	None. Twelve ornamented large initials on f. 1va1-5, f. 2va1-5, f. 5va24-27, f. 9rb17-20, f. 14ra2-5, f. 21va10-14, f. 28rb1-4, f. 29vb15-18, f. 43rb12-16, f. 48ra23-28, f. 52va10-14, f. 56va3-8. In addition, sixteen ornamented middle initials are found on f. 2vb9-11, f. 7va1-3, f. 11rb22-24, f. 11vb21-23, f. 12rb27-29, f. 15rb10-12, f. 15va21-23, f. 20rb8-10, f. 26rb30-32, f. 40rb17-19, f. 42rb30-32, f. 49ra5-7, f. 51ra6-8, f. 54ra7-9, f. 54rb17-19, f. 54va4-6. In the margin on f. 6v, a Janus head is painted, and on f. 17r a human head.	Throughout	Jóhanna Katrín et. al. (2023)	NorS
						1350–1400	F. 12v (marg.)		A list of the number of ships that belong to the levy (shortened)									Various	Various		No	Hand c									
						1350	Ff. 1va–40vb	MLL (GuL)	Comp.									2	34		Yes	Hand a									
						1350–1400	Ff. 18v–19r (marg.)		On the rights of execution (not part of MLL)									Various	Various		No	Hand c									
						1350	Ff. 1va–40vb	MLL (GuL)	Comp.									2	34		Yes	Hand a									
						1350–1400	Ff. 21v–22r (marg.)		On forces marriages (not part of MLL)									Various	Various		No	Hand c									
						1350	Ff. 1va–40vb	MLL (GuL)	Comp.									2	34		Yes	Hand a									
						1375–1400	F. 41r		Llb (ch. 60)			Unknown		II	No		Dry	1	Various		No	Hand c									
							F. 41v		RBHM 14.10.1312																						
						1350	Ff. 42ra–48ra	MLL (GuL)	(following from f. 40vb) Comp. until the end of Kab			260x185		I	Yes		Ink	2	34		Yes	Hand a									
						1350	Ff. 48ra–52va	Fml	Comp.																						
							Ff. 52va–55va	MLL (GuL)	Tjb and RbMh and Epi; both addr to Borgþ																						
							F. 55va–vb		RBHM 11.10.1303													Hand b									
							Ff. 55vb–56rb		BbHM 28.8.1315																						
							Ff. 56va–58rb	ByL (BGO)	Short													Hand a									
							F. 58va		Um eiða atkvæði													Hand b									
							F. 58va–vb		RBHM 14.9.1307																						
							F. 59ra–61rb	Calendarium	Jan–Dec										Various			Hand a									
AM 58 4to			AMS	Codex	4to	1550-1600	f. 1		On the importance of Eden	I: 2 (1b, ff. 1-2); II: 9 (4b, 1f, ff. 3-11); III: 6 (3b, ff. 12-17); IV: 5 (2b, 1f, ff. 18-22); V: 4 (2b, ff. 23-26); VI: 6 (2b, 2f, ff. 27-32); VII: 7 (3b, 1f, ff. 33-39); VIII: 6 (3b, ff. 40-45); IX: 5 (2b, 1f, ff. 46-49); X: 9 (3b, 3f, ff. 51-59); XI: 4 (1b, 2f, ff. 60-63); XII: 12 (5b, 2f, ff. 64-76 [f. 64 lost]); XIII: 5 (2b, 1f, ff. 77-82)	Unknown	220x165		I	Yes	Parchment	Dry	2	Various		Yes	Hand a	Unknown	Other	None	None		None	Nowhere		HR
							f. 2		List of Norwegian kings													Hand b									NorS
						1350	Ff. 3ra–11vb	KF (EidsL)	Short										24–28			Hand c		Romanesque	R, G	Lombard medium (3 lines) and small (2 lines) initials	Medium		Throughout		
							F. 11vb	KN (BorgL)	ch. 12										Various			Hand d									
							Ff. 12ra–81vb	MLL (BorgL)	Complete; incl. RBMK and Epi; not addr. to a part. assembly										30			Hand e									
						1330	F. 82		RBMK 1267									1	Various		No	Hand f		Other	None	None			Nowhere		
						1350	Ff. 83r–84r		RBEK 1280	XIV: 4 (2b, ff. 83-86); XV: *6 (4b, paper leaves: *1-8)				II	No		None					Hand g									
							F. 84r		RBHM 30.3.1307																						
									RbHM 19.7.1312																						
							F. 84v		RBHM 1306													Hand h									
						1330	F. 85r		RBHM 2.5.1313			210x162										Hand i									
							Ff. 85r–v		RBHM 29.5.1303																						
							F. 85v		RBHM 26.12.1309																						
							F. 86r–v		RBHM 30.7.1316													Hand k									
NRA 29 A			NRA	Fragment	Unknown	1350 (Seip: 1320-1350)	Ff. 1–8; f. 9r; f. 10r	Hrðs	ch. 13–17; 20; 21–24; 51–54	Unknown	Unknown	250x160		I	Unknown	Parchment	Ink	2	Various	Semitextualis	Yes	Hand a	Unknown	Romanesque	R	Lombard small initials (2 lines).	Small	None	Throughout		NRA
						1350	F. 9v		SVK 17.8.1247											Cursiva A.		Hand b									
							F. 10v		RBHM 23.4.1293																						
NRA 45			NRA	Fragment	Unknown	1350	Ff. 1–2	MLL (unknown)	Lvb (ch. 11–13)	Unknown	Unknown	Unknown		I	Unknown	Parchment	Dry	Unknown	Various	Textualis	Yes	Hand a	Unknown	Romanesque	R	Lombard small initials (2 lines).	Small	None	Throughout		NRA
NRA 27, NRA 34			NRA	Fragment	Unknown	1320-1350	F. 1; ff. 3–6	KJE	ch. 1–4; 26–27; 43–47	Unknown	Unknown	220x165		I	Unknown	Parchment	Ink	2	Various	Cursiva A.	Yes	Hand a	Unknown	Romanesque	R	Lombard small initials (2 lines).	Small	None	Throughout		NRA (27)
							F. 2		SVK 17.8.1247																						NRA (34)
GKS 1154 fol.	Codex Hardenbergianus / Codex Hardenbergensis		GKS	Codex	Fol.	1400-1425	F. 1r		St Birgitta Revelations (book 4, nr 102)	I: 7 (3 b; 1 f; ff. 1-7); II: 8 (4 b; ff. 8–15); III: 8 (4 b; ff. 16–23); VI: 8 (4 b; ff. 24–31); V: 6 (3 b; ff. 32–37); VI: 8 (4 b; ff. 38–45); VII: 7 (3 b; 1 f; (ff. 46–52); VIII: 8 (4 b; ff. 53–60)	Unknown	259x185		I	No	Parchment	Ink	1	Various		No	Hand a	Bergen ?	Other	None	None		None	Nowhere	Jóhanna Katrín (2024)	DS
						1350–1360 (Stefán Karlsson 1987, 166-184) (1325-1350 by Rindal 1983, 21-23)	Ff. 1v–59r	MLL (GuL)	comp w ToC of cont.; no RBHK &MK; and Epi feat.										34		Yes	Hand b		Gothic/Romanesque	R, B, G, Brown, Gold	Ornamented and guilded large (15 lines) and medium initials (4 lines). Especially large initials are almost always extended into the margins.	Large	Eleven historiated initials with generally unhistoriated scens accompanying them in the margins / bas-de-page. The historiated initials are found on f. 1v1-19 (Bréf Magnús konungs; King and servant), f. 2v16-22 (Þingfararbolkr, ch. 1; Last Judgement), f. 6r5-21 (Kristindómsbolkr, ch. 1; King and bishop), f. 9r21-32 (Landvarnarbolkr, ch. 1; Three knights on a battleship), f. 15v1-18 (Mannhelgisbolkr, ch. 1; King hands out a chapter with attached seal), f. 24r8-25 (Erfðatal, ch. 1 / Kvennagiptingar; Wedding ceremony), f. 26r21-34 (Erfðatal, handover of inheritance), f. 32r12-29 (Landabrigðabolkr, ch. 1; Two figures share inheritance), f. 35r18-32 (Landsleigubolkr, ch. 1; Two figures shake hands), f. 51r1-15 (Kaupabolkr, ch. 1; Two figures engage in trade), f. 57r7-22 (Þjófabolkr, ch. 1; Prosecution of a thief).	Throughout		
						1460-1480	Ff. 59v-60r		RBKK 1453												No	Hand c	Trondheim ?	Other	None	None		None	Nowhere		
							F. 61r		RBKK 1458	IX: 8 (4 b; ff. 61–68); X: 8 (4 b; ff. 69–76); XI: 10 (5 b; ff. 77–86); XII: 5 (2 b; 1 f; ff. 87–91)																					
						After 1455	F. 61v		RBKK 1455													Hand e									
						1375–1400 (Rindal 1983, 23 (1450 by Storm 1885, 389)	Ff. 62ra–77va	KJE	Comp; w tbl of cont.					II				2			Yes	Hand c		Romanesque	R, Black	One ornamented large initial (4 lines), otherwise Lombard medium (3 lines) and small initials (2 lines).	Large	None. One large initial on f. 62va10-13, otherwise Lombard middle and small initials.	Throughout		
							Ff. 77va–81ra	Sættargerð í Túnsberg 1.8.1273																							
							Ff. 81ra–84vb		SPE 1334																						
							Ff. 84vb–88vb		SAE 1346–1349																						
						1450-1500	F. 89r		RBHM 1310									1	Various		No	Hand g		Other	None	None		None	Nowhere		
							F. 89r		RBHM 1313																						
						After 1478	Ff. 89v-90r		RBKK 1478 1													Hand e									
						After 1483	F. 90r		RBKK I 1458													Hand h									
							F. 90v		RBKK 1484																						
						After 1491	F. 91r		RBKK 1491													Hand i									
						1521-1550	F. 92r		RBKK 1521	XIII: 6 (2 b; 2 f; ff. 92–97); XIV: 5 (2 b, 1 f; ff. 98–102)				III			None					Hand k	Bergen ?								
							F. 92v		RBEK 1521																						
							F. 93r		RBMK 1348																						
							F. 93r-v		RBMK & HM 1364																						
							F. 93v	FrL / BjR	XIV,11 / 149																						
							F. 93v-94r		RBHM 1303																						
							F. 94r-v		RBHM 1308/1309																						
							F. 95r		RBKK 1512																						
							F. 95v		RBHM 1318																						
							F. 95v-96r		RBEK 1421																						
							F. 96r		RBFK 1425																						
							F. 96v		RBKK 1478 2																						
							Ff. 96v-98v		RBEK 1280																						
							Ff. 98v-99r		RBEM 1295																						
							F. 99r-v		RBHM 1313																						
							Ff. 99v-100r		RBHM 1303																						
							F. 199r		RBHM 1309																						
							Ff. 100v		RBHM 1307																						
AM 61 a 4to			AMS	Codex	4to	1579	f. *1		Owner notice	Unknown	Unknown	226x175		II	No	Paper	None	1	Various		No	Hand b (Michael Jensson). Throughout the manuscript small paper slips are added to various sections of the first production unit	Unknown	Other	None	None		None	Nowhere	Jóhanna Katrín et.al. (2023)	HR
							f. *2		Minor legal texts																						NorS
						1300-1350 (Seip (1955:237; 218): 1350–70)	ff. 1r-51v	MLL (GuL)	Fragm. MLL (GuL) (until Kab (ch. 3))	I: 10 (4b, 2f, ff. 1-10); 9 (4b, 1f, ff. 11-19); III: 8 (4b, ff. 20-27); IV: 8 (4b, ff. 28-35); V: 8 (4b, ff. 36-43); VI: 8 (4b, ff. 44-51)				I		Parchment	Dry		26–29	Textualis	Yes	Hand a		Romanesque	R	Lombard large (4 lines), medium (3 lines) and minor initials (2 lines).	Large	None. Two large Lombard initials on f. 1r1-5 and f. 68r19-22. In addition, five medium initials are found on f. 10v7-9, f. 36r6-8, f. 51r10-12, r. 52v1-3 and f. 71r1-3.	Throughout		
							Ff. 52v–64v	ByL (BGO)	Bob ch. 1–12; 14; 13; 15–18; Kab 28; 1–8; 17; 9–16; Kab (MLL) ch. 18; Kab ch. 18–25; Llb (MLL) ch. 39; Kab ch. 26	VII: 7 (2b, 3f, ff. 52-58); VIII: 6 (2b, 2f, ff. 59-64)																					
							Ff. 65r–68r	Fml	Fragm. Fml (starts at ch. 13); w add.Fml sec. 25 from Jó	IX: 7 (3b, 1f, ff. 65-71)																					
							Ff. 68r–70v	ByL (BGO)	Tjb (ByL)																						
							F. 71	MLL(GuL)	Incl. RbMh addr.to BGO and Epi. addr. to Gulaþ																						
							F. 72r		RBHM 29.5.1303	X: 2 (1b, ff. 72-73)																					
							Ff. 72v–73r		RBHM 2.5.1313																						
							F. 73v		RBHM 25.11.1315																						
							F. 73v		RBHM 1306																						
AM 57 4to	Codex Milzovianus		AMS	Codex	4to	1350–1370	Ff. 1ra–40ra	MLL (GuL)	Fragm. In Lvb ch. 2, and Lbb ch. 4, Gulaþ is addr	1–10 (ff. 1–40) (with catchwords at the end of each gathering)	Unknown	278x205		I	Yes	Parchment	Dry	2	24		Yes	Hand a	Unknown	Romanesque	R, B	Ornamented large (4 lines) and small initials (2 lines).	Large	None. One ornamented main initial on f. 3rb20-24 (with attached female gryllus). Two minor initials on f. 15ra21-23 and f. 17ra12-14.	Throughout		HR
						1350-1400	F. 40ra-v		RBHK 17.8.1247						No		None		Various		No	Hand b			R	Small Lombard initials (2 lines)	Small	None	Throughout		NorS
						1350-1400	F. 40v		RBHM 30.3.1307									1				Hand c (Halvard Ruffe)									
						1550-1600	F. 40v		Legal formulas													Hand d		Other	None	None			Nowhere		
Thott 1275 fol.			GKS	Codex	Fol.	1600	ff. *1-*2r		Truid Ulfstands and Claus Billes recess of MLL	Unknown	Unknown	246 x 195		II	No	Paper	None	1	Various		Yes	Hand a	Unknown	Other	None	None	None	None	Nowhere		NorS
						1350–1400	Ff. 1r–60v	MLL (GuL)	Frag.	1–8 (ff. 1–60)				I	Yes	Parchment	Dry		29			Hand b (apart from f. 40, which was written by Hand c in 1599)		Romanesque	Unknown	Ornamented middle (3 lines) and small initials (2 lines)	Medium	None	Throughout		
						1599	ff. 61-73r	MLL	Llb ch. 56-end of Tjb (without RBHK & RBMK and Epilogue)	Unknown				II	No	Paper	None		Various			Hand c		Other	None	None	None	None	Nowhere		
						1600-1650	ff. 74v-74r		Borgarar rétt Hm													Hand d									
						1599	ff. 74v-93v		23 minor law texts																						
NRA 48 A			NRA	Fragment	Unknown	1350	F. 1r		RBHM 5.3.1304	Unknown	Unknown	Unknown		I	No	Parchment	Dry	1	Various		Yes	Hand a	Unknown	Romanesque	R	Lombard small initials (2 lines).	Small	None	Throughout		NRA
							F. 1r; f. 2r		RBHM 21.10.1314																						
						1350–1375	F. 1v		RBHM 9.2.1302													Hand b									
							F. 1v; f. 2v		RBHM 11.6.1302																						
Gunnerus qMa Ha1		Gunnerus XA HA Qv. 1	Universitetsbiblioteket i Trondheim; Trondheim	Codex	4to	1420-1440	Ff. 1r-14v	KrMk		I: 10 (5 b; ff. 1–10; flyleaf between ff. 4–5); II: 11 (5 b; 1 f; ff. 11–21)	Unknown	130x105		II	No	Parchment	None	1	21		Yes	Hand a	Oslo ?	Romanesque	R	Lombard small initials (2 lines).	Small	None	Throughout		Gunnerus
							Ff. 15r-19v	Sættargerð í Túnsberg 1.8.1273 (short)																							
							Ff. 19v-21v		Visitatio travel of a bishop in Oslo diocese																						
						1370–1390	Ff. 22v–123r	MLL (EidsL)	Fragm. MLL (EidsL) with tbl of cont for sec. Tfb and Krb	III: 10 (4 b; 2 f; ff. 22–31); IV: 12 (5 b; 2 f; ff. 32–43); V: 14 (7 b; ff. 44–57); VI: 10 (5 b; ff. 58–67); VII: 10 (7 b; ff. 68–79); VIII: 12 (6 b; ff. 80–91); IX: 10 (5 b; ff. 92–101); X: 14 (7 b; ff. 102–115); XI: 14 (7 b; ff. 116–129); XII: 12 (6 b; ff. 130–141); XIII: 9 (4 b; 1 f; ff. 142–150)				I					24			Hand b									
							Ff. 122r–123r		RBEM & HM 14.5.1290																						
							Ff. 124r–148r	KJE																							
							Ff. 148r–149r	KJE	ch. 67																						
							Fff. 149r–150v	MLL (EidsL)																							
NRA 25			NRA	Fragment	Unknown	1375–1400	Ff. 1–2		RBHM 29.5.1303	Unknown	Unknown	Unknown		I	Yes	Parchment	Ink	Unknown	Various		Yes	Hand a	Unknown	Romanesque	R	Small Lombard initials (2 lines)	Small	None	Throughout		NRA
							Ff. 3–4		RBHM 1306																						
							F. 5r		RBHM 11.10.1303																						
							F. 5v		RBHM 5.3.1304																						
NRA 28			NRA	Fragment	Unknown	1375–1400	F. 1		RBHM 30.7.1316	Unknown	Unknown	250x180		I	Unknown	Parchment	Ink	2	Various	Cursiva A/R	No	Hand a	Unknown	Romanesque	R	Small Lombard initials (2 lines)	Small	None	Throughout		NRA
							F. 2		RBHM 15.11.1316																						
NRA 46			NRA	Fragment	Unknown	1375–1400	Ff. 1–2	MLL (unknown)	Llb ch. 58–61	Unknown	Unknown	Unknown		I	Unknown	Parchment	Dry	Unknown	Various		No	Hand a	Unknown	Romanesque	R	Small Lombard initials (2 lines)	Small	None	Throughout		NRA
NRA 18			NRA	Fragment	Unknown	1375–1400	Ff. 1–2	KF (BorgL)	ch. 22–24	Unknown	Unknown	220x165		I	Yes	Parchment	Dry	1	Various		No	Hand a	Unknown	Romanesque	R	Small Lombard initials (2 lines)	Small	None	Throughout	Spørck (2024:32)	NRA
NRA 8, NRA 9		Could be two separated manuscripts	NRA	Fragment	Unknown	1400	Ff. 1–14	MLL(unknown) + *KAB	Tfb ch. 9; Arb ch.7–13; 13–17; 21; 24–25;, Lbb ch. 1–3; Llb ch. 17–18; 20; 20–24; 42–43; 45–46; Kab ch. 1–2	Unknown	Unknown	Unknown		I	No	Parchment	Dry	Unknown	29		No (NRA 8), Yes (NRA 9)	Hand a	Unknown	Romanesque	R, G	NRA 8: No book painting. NRA 9: Small ornamented initials (2 lines), partly extended into the margins.	Small	None	Throughout	Eken (1963:98-102)	NRA (8)
							Ff. 15–18	KJE																						Eken (1963:103-110)	NRA (9)
AM 77 b 4to			AMS	Codex	Unknown	1566	Unknown	KMK		Unknown	Unknown	Unknown		Unknown	Unknown	Paper	Unknown	Unknown	Unknown		Unknown	Unknown	Unknown	Unknown	Unknown	Unknown	Unknown	Unknown	Unknown	Spørck 2006 (226-230)	
																															
																															
																															
UBB MS 1836 1		NRA 12	UiB UBB	Fragment	Unknown	1300-1325	ff. 1-2	MLL	Llb ch. 46-48	Unknown	Unknown	110x80		I	No	Parchment	Dry	1	Various	Protogothic	Yes	Hand a	Unknown	Romanesque	R, G, B	Ornamented medium intials (3 lines)	Medium	None	Throughout		MAR
